text,label,note
any good board game discord servers? always looking for good communities to join and I love board games. Thought I would reach out and see if there were any good discord servers.,recommendation_request,https://www.reddit.com/r/boardgames/comments/1hqr185/any_good_board_game_discord_servers/
"social deduction game without the arguing i like the deduction part of social deduction games, who has done what, who claims what, what claims contradict what claims, and trying to solve the knot. what i dont enjoy is the part about trying to convince other people you are telling the truth, and that other people are lying. is there a social deduction game with more focus on the deduction and puzzle element of it, and not really about using rhetoric on the other players?",recommendation_request,https://www.reddit.com/r/boardgames/comments/1hqqv40/social_deduction_game_without_the_arguing/
"Need an intro-intermediate worker placement game to replace Lords of Waterdeep A nearby couple wants to start coming over to my place for game nights 1-2 times monthly and I need to find a replacement for lords of waterdeep. I used to have it years ago, but I guess it got lost in the shuffle somewhere, and it seems to be out of print now (went to 4 LGS this past weekend searching for it without success). I've heard good things about Arnak and Everdell, but I don't want to get something too heavy, complicated, or that takes more than 2 hours to finish. Ideally I want it to be something still entertaining after 10+ plays and comfortably suits 4-players.",recommendation_request,https://www.reddit.com/r/boardgames/comments/1hqquuy/need_an_introintermediate_worker_placement_game/
"Favorite Games to Spell ""New Year"" My favourite #boardgames for each letter Part 2... Share yours too! N - Nucleum (Nocturn?) E - Expeditions W - Wingspan Y - Yokohama E - Elder Sign A - Ark Nova R - Rajas of the Ganges S - Scythe",open_discussion,https://www.reddit.com/r/boardgames/comments/1hqqtpi/favorite_games_to_spell_new_year/
"Personalized BANG! cards is there a website to make personalized BANG! cards? I'd like to create my personal characters and cards, but I'm not sure of how to. Any tips? Thanks! :)",specific_help,https://www.reddit.com/r/boardgames/comments/1hqqtiv/personalized_bang_cards/
"I would love help in finding new games! I may not have a unique situation, but it sure feels like it's difficult to find games for all kinds of family gatherings. My bil likes the long strategy and politicking games (Catan with expansions, Game of Thrones, Risk, Star Trek: Ascendancy, etc.). He's does not like the simpler ""silly"" card games and brainless luck games. The rest of the family likes the brainless lucky card games and such, but they also occasionally like to play longer games like Catan or Ticket to Ride (but definitely not all the time). What are some good games that we may or may not have heard of that might be able to ""bridge the gap""? I would LIKE multiple options so we don't ""play the same game every time"" we get together. The most the whole family can get through is ticket to ride or shorter. Games that involve ""getting out"" probably aren't the best suggestion, but not off the table! Any and all help would be appreciated! I may be back to ask for some help with other game searches, but I'd like to focus on the family as a whole first!",recommendation_request,https://www.reddit.com/r/boardgames/comments/1hqqqax/i_would_love_help_in_finding_new_games/
"Some of my board game stats for the year I wanted to share some of my board gaming stats for 2024, because this is the first year I kept track of a lot of these things through the whole year and I thought it would be fun (it is possible some of these will change slightly tonight). Total number of plays - 243 Different games played - 108 Games played for the first time - 62 Most plays in a single month - May (26 plays) Least plays in a single month - February (14 plays) Most played game - The Crew: Mission Deep Sea (38 plays) Most played game not counting The Crew - Cascadia (8 plays) Most played game(s) I don't own - Blood on the Clocktower/Trio (6 plays each) New additions to my collection in 2024: Age of Innovation - added in February, 6 plays in 2024 Maglev Metro - added in March, 4 plays in 2024 Through the Desert - added in June, 5 plays in 2024 Revive - added in June, 7 plays in 2024 Castles of Mad King Ludwig - added in June, 3 plays in 2024 Beyond the Sun - added in July, 4 plays in 2024 Paint the Roses - added in December, 3 plays in 2024 Castles of Burgundy - added in December, 2 plays in 2024 Root - added in December, 0 plays in 2024 Crowdfunding games backed in 2024, expected in 2025 - Bristol 1350 Deluxe Edition, Cysmic",open_discussion,https://www.reddit.com/r/boardgames/comments/1hqqe4s/some_of_my_board_game_stats_for_the_year/
"Adam should return Barred think it's time we talk about Adam Blampied and why he absolutely deserves to return to No Rolls Barred. He's one of the most creative, charismatic, and genuinely talented people in the board gaming scene. The way he tells stories and brings games to life is unmatched. Yet, he's been sidelined over events that were addressed years ago, where he took full accountability, apologized, and actively worked to improve himself. Adam was open about what happened-he engaged in consensual interactions but acknowledged that some of his actions made others feel uncomfortable. He took full accountability and didn't deny anything, even when it would've been easy to minimize or dismiss the situation. But instead of being given room to grow and rebuild, he became the target of a relentless backlash, much of which stemmed from the actions of one woman who seemed intent on painting him in the Worst possible light. It's just not fair and it has affected the channel in my opinion",open_discussion,https://www.reddit.com/r/boardgames/comments/1hqolno/adam_should_return/
"You guys have to try this family game out https://preview.redd.it/xz6bqblcy8ae1.png?width=679&format=png&auto=webp&s=9c8bde3dca3c01f660fd9ad0dda8c04509503a85 I have recently bought this game on amazon after seeing it on tiktok. Just let me say this, me and my family played this for like 5 hours straight. Its honestly now one of my top 3 favourite games. I recommend this game to anyone. Its actually so fun. Not to expensive either. Heres where I got it from. [https://amzn.to/3BDu1Sk](https://amzn.to/3BDu1Sk) Also let me know if you guys have played it before because i wanna see if everyone else likes it as much as I do.",open_discussion,https://www.reddit.com/r/boardgames/comments/1hqnrkg/you_guys_have_to_try_this_family_game_out/
"Board Game like Dune: Spice Wars Hello, I have currently been playing Dune: Spice Wars free on Xbox. Very big fan, I love it. I was wondering if there are any existing board games that play in a similar fashion to the video game? Thank you!",recommendation_request,https://www.reddit.com/r/boardgames/comments/1hqnpwk/board_game_like_dune_spice_wars/
"Small cards Hello! Me and my friends like to play the games that steamforged makes, mainly dark souls and resident evil, and these games come with small cards around 41x63mm and me personally I like to sleeve these cards to keep them in good condition. But SFGs products don’t seem to be made to support sleeved cards and I really can’t find anything online for these sized cards so I was wondering if anyone knew of any deck boxes made to these sizes or if there’s a good product out there for these. Thank you! :)",recommendation_request,https://www.reddit.com/r/boardgames/comments/1hqmuiz/small_cards/
"Subtle design choices In Codenames, word cards have two sides. Have you ever noticed that the opposite sides have very different words? This makes complete sense and I imagine they designed it that way - If two animals were on the same card, they'd never show up together, and never be matched, which would be sad because that's an easy match. Because you don't really want very different words out at the same time, they are put on opposites sides of a card. In total, it's maybe not a huge impact since there are 200 cards mixed up -- but it's something.",open_discussion,https://www.reddit.com/r/boardgames/comments/1hqmiye/subtle_design_choices/
"What creative games do gamers love? I play and like all types of games but especially any games that involve drawing (ability doesn’t need to be good), storytelling, coming up with ideas on the fly or similar concepts. However there always seems to be people at game nights who dismiss these as too lightweight, not in the mood for a party game, not for me, or they agree to play but seem miserable/resentful. What games that use creativity are liked by gamers?",recommendation_request,https://www.reddit.com/r/boardgames/comments/1hqm37m/what_creative_games_do_gamers_love/
"Is anyone else attending any local Board game meetups for New years? I just found out my small town of 15k people has a board game meetup for New years. It's all volunteer run and they have over 20 games scheduled. Pretty excited to get out and try some different games with some different people. The only game on this list I have played is Splendor. The only games on this list I have heard of are splendor, everdell and stone age. They also have an exchange table where you can exchange a game you bring for one in the library. My son is dying for me to play Dune imperium. He played it with friends and said it's something I will enjoy. Stone age and everdell have been on my list for a while. Stone age was out of print and out of my budget as I usually only spend 50-60 per game. Anyone else doing something similar for New years? Any games on the list that are a must play? Catan gets a lot of play at our house as does Great Western trail. I really need to get Caverna out of the box and play it. Sadly I took a look at how huge the rules are and put it back in the box. This year we plan on playing every game on our shelf to weed out any we don't play or don't like. Sadly there are at least a dozen games still in the shrink wrap. 7 Wonders Architects Arcs Bezzerwizzer Dune: Imperium Ensign - In-Development (PLAYTEST) Standard deck builder game, includes strategy elements. All rules taught. Everdell Evolution: The beginning Grammy's Country Apple Pie Grimdark Future Marvel Multiverse RPG Night's Black Agent Really Loud Librarian Red Dragon Inn: Battle for Greyport Rise of Tribes Skyjo Splendor StoneAge The Battle of Stymphi Bridge ThunderRoad Vendetta Trash Pandas War of the Ring Wonderland's War",open_discussion,https://www.reddit.com/r/boardgames/comments/1hqlvxz/is_anyone_else_attending_any_local_board_game/
Card sleeves for 2:1 ratio cards I have the game \[\[Lunar Base\]\] which uses cards with a 2:1 ratio (10cm heights x 5cm width). Anyone would know if it exists any sleeve which would have this size? Or what would be the general card size with a ratio the closest to 2:1?,recommendation_request,https://www.reddit.com/r/boardgames/comments/1hqlu7h/card_sleeves_for_21_ratio_cards/
"Late 70s early 80s hex encounter US vs Soviet game Hi all, This is driving me crazy. I swear I owned a game I thought was called Mech War that was based on a European theater clash between Soviet and US forces. It included chemical and tactical nuclear war. Did this exist or am I in a different time line now?",specific_help,https://www.reddit.com/r/boardgames/comments/1hqltux/late_70s_early_80s_hex_encounter_us_vs_soviet_game/
"Sequence question On the corners of the board there's spaces labeled ""Sequence"". What are these spaces for? I post a picture to show what I'm talking about but I'm not allowed on this subreddit.",specific_help,https://www.reddit.com/r/boardgames/comments/1hqlp5k/sequence_question/
"Earth - Question about trading sprouts. Hi all, We’ve been enjoying the boardgame “Earth” a lot during the holiday. I had a question to clarify a rule in this game dealing with trading the 3 sprouts for 2 soil. The rule book says that you can do that anytime in the game except while gaining sprouts during the watering action or while resolving abilities. We are arguing whether or not you can do that during the watering action turn itself after you have already gained the 6 (or whatever possible) sprouts. The argument is basically “you can’t do it during the entire turn of the watering action (blue action)” vs “you can’t only while gaining them in the gaining phase of the watering action”. So which side of the argument is correct?",specific_help,https://www.reddit.com/r/boardgames/comments/1hqlebz/earth_question_about_trading_sprouts/
"Thunder Road Vendetta: Landing on a Pit Trap as your last move So, let's say my small vehicle clears the Pit Trap dice roll but can't move anymore since it landed on it with its last move available. Does it die anyway? Or it simply stays alive over the pit until its next movement?",specific_help,https://www.reddit.com/r/boardgames/comments/1hqkp5p/thunder_road_vendetta_landing_on_a_pit_trap_as/
"[COMC] 9 years in to collecting **Intro:** This is my second COMC post, I did one in October of 2020 when my collection was solid but definitely not what it is today. I will include some sections of my 2020 responses to these questions just to see how some of my answers have changed over the last 4 years. **Not Pictured/Not Mine:** Full disclosure, the wargames on top of the shelf and the games in bottom leftmost cube and bottom middle cube are my roommate's games, not mine. A few games I own that are not pictured are [Sky Team](https://boardgamegeek.com/boardgame/373106/sky-team) (lent to a friend), [The Mind](https://boardgamegeek.com/boardgame/244992/the-mind) (stays in my car, just in case), and my [Crokinole](https://boardgamegeek.com/boardgame/521/crokinole) board (I love dearly, but does not go on the shelf). **New Games in 2024, quick thoughts:** I exercised a decent amount of self-control this year, half of the new games I bought were from PAX Unplugged (my first convention) earlier this month. This list does not include expansions and is in no particular order. * **Landmarks:** Excellent party game of clue-giving/word-guessing. The game is 45% Codenames, 45% Mysterium, and 10% Forbidden Island. This game kills Codenames for playing with casual/non-gamers (Decrypto already killed Codenames for playing with gamers). * **Hegemony:** Becoming one of my favorite games ever. very thematic simulation of the different ""classes"" of society, heavy ""economy"" game in the most literal sense of the word. * **Star Realms Rise of Empire:** Legacy Star Realms, only 3 scenarios in but there's decent promise. * **Harmonies:** A cuter/less abstract version of Azul meets Tiny Towns, good game. * **Skyrockets:** Very cool cooperative game. Similar to Hanabi in theme, very unique in that the mechanics involve playing cards (in real time) to constantly flip 5 sand timers of different lengths and keep them from running out. Highly recommend. * **Tower Up:** Favorite game I purchased at PAX Unplugged. This has the potential to be the next gateway game for area control. It has the same ""pick a card from a public market row"" hand management mechanic as Ticket to Ride, but instead of placing trains on a map, you're placing floors on buildings and constantly trying to build on top of your opponents and box off areas on the board to prevent opponents from building on top of you. **How long have you been in the hobby?** **2020:** I've been playing board games since about 2014. My first purchase was **The Resistance: Avalon** in 2015, which remains one of my favorite games of all time. **2024:** Avalon still holds a special place in my heart, but **Secret Hitler** kind of killed Avalon for my friend group. The addition of math/probability to the existing social deduction formula just makes Secret Hitler seem like an improvement on Avalon in every single way. **What are your favorite games?** **2020:** Favorite game of all time is **Terraforming Mars.** Another favorite of mine is **Dominion** My favorite expansion is probably **Dominion: Empires.** If you need recommendations on what to get, it's very subjective but Donald X himself has a great [guide](https://dominionstrategy.com/2019/02/22/donald-x-s-guide-to-12-dominion-expansions/) to it. I tend to love the gateway games in general, my other favorites being **The Resistance: Avalon,** **Sheriff of Nottingham** and **Ticket to Ride**. **2024:** Favorite game is still **Terraforming Mars.** I have been fortunate to introduce it to many new friends over the last 4 years and the game still holds up so well. I just got a few new boards at PAX Unplugged earlier this month and those are great too - especially the **Amazonis** map which extends the game by adding more oceans, and higher levels of oxygen and temperature to reach. I still play a lot of **Dominion.** Ever since the Dominion ios app came out, my friends and I started a group chat where we keep track of how many wins we get playing the one free ""Daily"" game with expansions against the Hard AI, and whoever has the most wins in a month wins bragging rights in the group chat. I would also add **Hegemony** in there as one of my favorite games now. It is definitely on the heavier side of what I enjoy playing but is the most thematic game I have ever played and that makes it so much fun for our group. I have played it about 6 times now and I have played as every class. It's amazing how the game feels so balanced and every decision consequential despite the game's length and the asymmetric playstyles of each class. **What are your most underrated games?** **2020:** I think **Sheriff of Nottingham** doesn't get the respect it deserves, as I said up there it's one of my favorites. I also think **Sagrada** is underrated despite being very popular to begin with. I also want to throw out **Star Wars: Outer Rim** as an underrated game. **2024:** I was wrong on Sheriff and Sagrada, they both get the respect they deserve. I think my answer now would be **Maglev Metro**. From what I understand, the community likes it, but I think it deserves more love. Also, most of my friends never really want to play it so I don't get to play it as often. I think it really excels at being a game that allows you to switch up your strategy with the ability to rearrange the robots in your tableau. **What's on your shelf of shame?** **2020:** I've had **Dead of Winter** for over a year now and it's still in shrink. **Betrayal at House on the Hill**. **Gloomhaven: Forgotten Circles** to this list. My friends and I have gotten through about 13 scenarios of **Gloomhaven** but it hasn't been touched in almost a year. **2024:** Those first 3 still apply, except I have played Dead of Winter but only once and it was okay but I never had the desire to play again. Gloomhaven: Forgotten Circles is such a long shot that I will ever play that it's packed away somewhere. I would now add the games on the second shelf from the bottom right corner (**Everdell, Spartacus, Firefly: The Game,** and **Architects of the West Kingdom**). These games were all gifts and have been sitting in the shrink for at least 1 year, the desire and time just hasn't been there. Except I have played Everdell but only twice and I didn't love it as much as my other friends and I also basically destroyed the cardboard tree attempting to assemble it.",open_discussion,https://www.reddit.com/r/boardgames/comments/1hqkotf/comc_9_years_in_to_collecting/
I love all kinds of games but two of my favorite types are Asymmetrical and Social deception any ideas? the main ones I have under those categories are coup and not alone. I’d love to expand my collection if anyone knows more.,recommendation_request,https://www.reddit.com/r/boardgames/comments/1hqkofz/i_love_all_kinds_of_games_but_two_of_my_favorite/
"This War of Mine - what is his object? https://preview.redd.it/l1wwmeey48ae1.png?width=566&format=png&auto=webp&s=b4f438e9aae5e6db99706939768587e67b1b4c06 I played 6 diferents stories and now im playing that one of roman and katia, is the first time i see this object and has no description, i search in the wiki but heres nothing in there, Does anyone know somthing about this?",specific_help,https://www.reddit.com/r/boardgames/comments/1hqkem0/this_war_of_mine_what_is_his_object/
"The grimwood: question about the giant supernatural card the description on the card reads: ‘take any card from the discard pile,may play that card immediately’ does the card have to be at the top of the discard pile? or can i dig through the entire deck and take what i want? also, if its a supernatural, can i play that cards power too?",specific_help,https://www.reddit.com/r/boardgames/comments/1hqke58/the_grimwood_question_about_the_giant/
"Been out for a few years - What have I missed? I used to be huge into board games, but around two years ago I stopped following releases. What have been the big games that I missed in the past two years? I love co-op campaign games like Gloomhaven the most, but I like deckbuilders and light puzzle games like Azul as well. My wife likes lighter games more on the Azul/ticket to ride side. Usual player count is 2-4. I've been looking into Harmonies and Avant Carde - I think my wife will like both and would be fun for me as well.",recommendation_request,https://www.reddit.com/r/boardgames/comments/1hqjgld/been_out_for_a_few_years_what_have_i_missed/
"Best Board Games for an Ultra Large Family Hi All! I have 11 siblings plus about 4 significant others that I'm hosting and I'd like your input as to the best board games for them. The board games should appeal to a wide variety of ages and be family friendly. In the past, these have been very successful for the majority of us to play: 1) Monikers 2) Wavelength 3) Heads Up What do you guys think I should try out? Any insights are appreciated!",recommendation_request,https://www.reddit.com/r/boardgames/comments/1hqj97k/best_board_games_for_an_ultra_large_family/
What are your best 2 player board games? Looking to spend some quality time together with some board games over the remainder of the holidays!,recommendation_request,https://www.reddit.com/r/boardgames/comments/1hqj63e/what_are_your_best_2_player_board_games/
"House rules for reducing deck size in Last Night on Earth? I own literally every gameplay expansion and supplement for Last Night on Earth. As a result, my Hero and Zombie decks are massive, unwieldy towers of cards. Is anyone aware of or has invented their own house rules for reducing both decks during setup?",specific_help,https://www.reddit.com/r/boardgames/comments/1hqiza9/house_rules_for_reducing_deck_size_in_last_night/
"Is it just me or is Power Grid far too luck-based towards the end? Five of us played Power Grid the other day, and even though the game was fantastic initially, towards the end it felt really felt luck-based. Firstly, the game’ built in mechanics allow for most players to catch-up even if they fall behind initially. While the leader waits for Step 3 to open up, everyone can improve their position and largely catchup. Secondly, right at the end, all of us were sitting at 16 houses each, waiting to draw the biggest power plant in the auction. However, even if someone bought a huge power plant, they were victim to the luck of the draw because the next power plant was sometimes better or just as good. Between the catch-up mechanics and the luck-based draws, the game felt too luck-based overall. Is this a fair assessment or are we missing something?",open_discussion,https://www.reddit.com/r/boardgames/comments/1hqiudd/is_it_just_me_or_is_power_grid_far_too_luckbased/
"Have I made up a cluedo rule? Character pieces must stick to the walls when moving around the board, not through? For example you cannot go forward but must move around, sticking by the walls. I’ve been playing this game using these rules with family for the last 20 odd years, it’s not until I played with friends that they told me this rule is entirely made up. My family and I are adamant this has always been a rule!!!! Perhaps a family member created this rule to make the game last longer. Does anyone else play by this rule?",specific_help,https://www.reddit.com/r/boardgames/comments/1hqiso1/have_i_made_up_a_cluedo_rule_character_pieces/
"Holding a banquet for 150 guests. Trying to figure out how to make a murder mystery game that includes everyone. We have 7 suspects, one could be made into a detective. Throughout the banquet there will be regular entertainment. I'm trying to figure out how to keep guests involved while advancing the plot. Anyone have any advice. Would it be best to get more people involved in the script?",specific_help,https://www.reddit.com/r/boardgames/comments/1hqip77/holding_a_banquet_for_150_guests_trying_to_figure/
"Trying to play Carcassonne with young kids. Help! I need a board game table topper. Any suggestions? I have a picnic bench style dining table made of 4 long beams of wood, it’s not flat but not bad. Need something to lift off the table a few inch, and be able to level.",recommendation_request,https://www.reddit.com/r/boardgames/comments/1hqi4wh/trying_to_play_carcassonne_with_young_kids_help_i/
Clank! In! Space! Rules Question: do you keep secrets for later use or are they activated upon acquisition and discarded As title says. There's 2 secrets that specifically mention keeping them or trashing them. But what about the others. Can you keep them until you need them? Or are they activated upon being acquired and if you don't want the effect it is lost?,specific_help,https://www.reddit.com/r/boardgames/comments/1hqi01s/clank_in_space_rules_question_do_you_keep_secrets/
"Exit: The Game - The Return to the Abandoned Cabin - Missing Decoder Wheel! Earlier this year, my friend and I played the Abandoned Cabin exit game and we loved it and wanted to do another, so I thought I would buy her the apparent sequel for Christmas. But lo and behold, when we cracked it open on new years eve to play it, we seem to be missing the most important bit! We can't return/exchange it to the store I bought it from, so if anyone can help, please!!! We just need some high-quality pictures of the wheel and we can make our own, so if anyone has already played this game, please consider it. Thank you!",specific_help,https://www.reddit.com/r/boardgames/comments/1hqhrim/exit_the_game_the_return_to_the_abandoned_cabin/
How does buying Earthborne Rangers/ games that are kick-starters work from the sites vs third party sellers Don't know if I phrased this correctly but not really sure how a game on a second kick-starter release works? I wanted to buy EBR but it's selling on the site for $100 + $60 USD shipping to Aus. But then there are also some third party Australian sites I can buy it on pre-order from as well. So my question is how does the printing/ redistributing work. I could find on their site that this is the second release through a single publisher but I couldn't find if they were going to release more/ open it up to other publishers? Or do I just suck up the cost and buy it from them since that's how you'll get it sooner? I hope that made sense it's like 2am on a night shift my brain is cooked.,specific_help,https://www.reddit.com/r/boardgames/comments/1hqhcsn/how_does_buying_earthborne_rangers_games_that_are/
"What were your favorite board gaming moments of the year? Happy almost 2025! What were everyone's favorite board gaming memories from 2024? I've got some Reddit awards that are going to expire, so let's have a party. I'll start. Favorite memory had to be going to pax unplugged earlier this month. I usually just go for the day, but I bunked up with some friends in a hotel for the first time. Such a wonderful event.",open_discussion,https://www.reddit.com/r/boardgames/comments/1hqgioo/what_were_your_favorite_board_gaming_moments_of/
"How My Non-Geek Partner Became a Board Gamer: A Journey from Phase 10 to Ark Nova My partner and I have been together for about four years, and we’re planning to get married. When we first met, she was not into geek culture at all and said she wasn’t a fan of games—aside from playing *Phase 10*. Fast forward to this week, and we’ve been playing *Ark Nova*, a complex and dense board game. It’s been a fascinating journey that I thought would be worthwhile to share. It also illustrates the the invisible barriers to entry in board gaming. # How It All Started: The Gateway Games I never pushed board games on her. Like any couple, we gravitated toward each other's interests, and I also thought playing games was a nice alternative to watching TV. We started with classics like *Scrabble*, *Trivial Pursuit*, and *Blokus*. Then I introduced her to *Splendor*, and that was the turning point. *Splendor* is the perfect gateway game because it avoids many barriers to entry: * **Easy to Teach:** You can explain the rules in under five minutes. * **Quick Setup:** It’s ready to play almost instantly. * **Low Rules Overhead:** There aren’t a million things to remember. * **Short Playtime:** It doesn’t overstay its welcome. But what sets *Splendor* apart is that it offers a taste of modern board game design: engine-building mechanics, special abilities, and multiple paths to victory. Plus, the theme is neutral and inviting—no orcs or spaceships, just pleasant gem trading. From there, we tried other light games like *Jaipur* and *Zombie Dice* when hanging out with her friends. # Leveling Up: Introducing More Complexity Over three years, we moved to slightly more complex games like *Forbidden Desert* and *Century: Golem Edition*. The real game-changer, though, was *Wingspan*. Its elegant design, appealing theme, and balance of tactics over strategy made it a huge hit with her. She doesn’t enjoy long-term strategic planning but loves playing tactically in the moment, and *Wingspan* accommodated that beautifully. By then, we had also learned what types of games she didn’t like (*Fox in the Forest*, trick-taking games, and most co-ops like *Forbidden Desert*). *Everdell* turned out to be too overwhelming at the time, but we kept experimenting. # The Big Shift: Embracing Intensity Now in year four, her initial rules—no games that took more than five minutes to set up, teach, or play—began to fade. We tackled *Flamecraft* and even joined a game day with friends, playing *Zoo Vadis* and *Raccoon Tycoon*. But the biggest leap came with *Viticulture*. I had bought it for more experienced gamers, but we tried it together, and she loved it. The expansions, special workers, and layered rules didn’t intimidate her at all. This week, we took on *Ark Nova*. The first game was overwhelming (and she still won!), but by the second game, she was fully engaged. It was just absolutely eye-opening the difference from when we were first started playing games to now. Even the teach was relatively easy. # Lessons Learned I personally don't believe that the hobby has to grow or that casuals should play better board games. However, I am always interesting in how things work and why things are the way they are. And this experience was really instructive about this hobby and the world at large. 1. **The Barriers Are Real:** Most people have no frame of reference for modern designer board games. Therefore it seems completely alien and off-putting to try them. 2. **Learning Isn’t Always Fun:** Losing repeatedly or feeling out of your depth isn’t enjoyable. Gradual incline is always preferable to trying to scale a cliff-wall. 1. Sub-Point: This is why gateway games have importance in the eco-system. Gradually learning concepts and building experience is how folks graduate to bigger games. Also, having folks that encourage and guide them through. 3. **Themes Matter:** A lot of game themes cater to hardcore gamers but aren't particularly interesting to casual folks. 1. Sub-point: Working a vineyard is much more appealing to my g/f then playing as Vikings in Feast for Odin. 4. **The Hobby Is Misunderstood:** Many assume board games should be simple and short, which makes the rich complexity of modern games intimidating. # The Big Takeaway Our journey from *Phase 10* to *Ark Nova* has shown me how much time it takes to really get into this hobby, but also the barriers for casuals. It’s also made me appreciate the importance of creating welcoming entry points for newcomers. Whether you’re introducing someone to games or exploring the hobby yourself, the key is to meet people where they are, embrace what they enjoy, and let the rest unfold naturally. For us, it’s become not just a pastime but a meaningful way to connect and share time together. Here's a break down of the journey: Phase 10 (1.26) (Beginning) \\|/ Scrabble (2.06) /Trivial Pursuit (1.63)/Blokus (1.73) \\|/ Splendor (1.78) / Jaipur (1.46)/Zombie Dice (1.09) / Lunacy \\|/ Forbidden Desert (2.04)/Century Golem (1.8) / Wingspan (2.47) / Sheriff of Nottingham \\|/ Tiny Towns/Flamecraft (2.19)/Viticulture (2.94)/Zoo Vadis (2.03)/Coup \\|/ Ark Nova (3.77)",open_discussion,https://www.reddit.com/r/boardgames/comments/1hqfvzz/how_my_nongeek_partner_became_a_board_gamer_a/
"I created my own card game using standard 52 card deck - thoughts? This was made up in about 5 minutes so please be gentle and I basically made it because my partner wanted to play something new. I think it's decent and there's a few tactics you can choose to win. Let me know if some things don't make sense. Capture The Huns / Queen and Country —------------------------ Each person starts with 7 cards. You pick up one card per turn. You can put down a card in the discard pile to use its effect (listed below). The winner is the first person to get 4 queens in their hand or the most points when the deck runs out - whichever comes first. If the deck runs out before someone can collect four queens in their hand, you get one point for each queen in your hand and one point for each set of four you've placed down. Once a card is in the discard pile, it is completely out of play. Queen - Get 4 in your hand to automatically win the game. Gives you one point at the end if no one person has 4 queens. King - Discard to use it. If your opponent has a queen with the same suite in their hand, they have to give it to you. Black Jack - Discard to let you take one card at random from opponent's hand Red Jack - discard to let you see opponents hand If you have four of any number card - put down as a set. Gives you one point at the end of the game if no one has 4 queens for automatic win. When you put down a set you get to see 4 random cards from opponent's hand. “Crazy” 8 - discard to give one of your cards (your choice) to your opponent and take one of theirs at random 2 - Discard to let you see 2 random cards of opponent 's hand Black Ace - Discard to look at opponents hand and choose to take a card from their hand Red Ace - Discard to pick up two cards at random from the deck and play (discard) another card if you choose to. Each person starts with 7 cards. You pick up one card per turn. You can put down a card in discard pile to use its effect (listed below). Winner with 4 queens or the most points when the deck runs out is the winner.",open_discussion,https://www.reddit.com/r/boardgames/comments/1hqeo7n/i_created_my_own_card_game_using_standard_52_card/
"Dune War for Arrakis expansion Hey so I just learned about the game and was looking forward to getting it, but then I found out that the smugglers expansion is an exclusive? Now I am just bummed out and would like to know if anyone knows a bit about the company behind it and their habits regarding exclusives, so considering it was called a kickstarter exclusive and then sold again on another websites campaign three months ago, what are my chances with it being available again even though they called it the last chance? Because if that was truly the last chance then it is just disappointing, like I get some collectibles being exclusives, but proper game expansions as well...?",recommendation_request,https://www.reddit.com/r/boardgames/comments/1hqef9o/dune_war_for_arrakis_expansion/
"Drafting game rec for family not totally clicking with 7 wonders? Hey there! My kids (11, 9, 6) enjoy 7 Wonders for how fast the turns are and that we all act simultaneously. However, they aren’t compelled by the ancient cultures theme and don’t actually feel like their empire is growing stronger since they don’t get tangible resources like in a worker placement (they enjoy Stone Age for example) or even Catan when they have a good roll at the end of the game and draw 4-5 cards. Any recommendations for another drafting game that still plays with a large group and goes pretty quickly but might be more up their alley? It doesn’t need to be cartoony or “little kid” to attract them, but animals and forests and magical creatures etc do have an appeal… Thank you!",recommendation_request,https://www.reddit.com/r/boardgames/comments/1hqeenk/drafting_game_rec_for_family_not_totally_clicking/
"Ranking All the Games We Reviewed this Year on the Decision Space Podcast Decision Space is a podcast about the decisions in board games. Our mission is to play the games we review many times so that we can bring a more nuanced understanding of the game’s decisions and \*ahem\* decision space to our listeners. We don’t focus on reviewing the hottest games, but rather the games that we want to play and think offer something interesting for discussion on the podcast. This year our deep dive games ranged from modern classics like Ticket To Ride to our first-ever ever review of an unreleased game in EGO. We also trended towards lighter games this year (Captain Flip and Castle Combo), with a few solid mid-weight titles like Five Tribes and Tikal sprinkled in. It’s tradition on Decision Space to end the year with an episode ranking all the games featured this year. When so many games we play are carefully selected because they are good, we think this comparative ranking provides some context about the games we felt really rose to the top. We invite you to listen now. You can find the episode on [Spotify](https://open.spotify.com/episode/0QqiUAMSDKd5PwXBR8EOcb?si=f8fb5edd897b4022), [YouTube](https://www.youtube.com/watch?v=XbGxC_UxC5M&t=8s), or wherever you listen to podcasts. If you don’t care to listen, you can find our ranked list of the 15 games featured this year below with a few short thoughts. I’m happy to answer any questions about our rankings, and I’m curious to hear your thoughts. Which of these games is your favorite, and which of the unplayed games on this list would you be most eager to try? Cheers to another great year of board gaming! Jake Frydman **15. Burgle Bros** The excellent theme is given plenty of love and attention in this design. Unfortunately, it felt like thematic concerns led to mechanical concessions. The game’s theme speaks to a high-stakes, fast-paced heist, but optimal gameplay is often slow, plodding, and risk-averse above all else. Sometimes the cool tile abilities line up to create big, memorable moments, but we found these moments too few and far between. More often the random tile layout creates a handful of dud tiles with rules grit that isn’t worth the effort. **14. Dracula vs Van Helsing** Using the language of trick-taking and the geometry of a lane battler, there is a lot to like about Dracula vs Van Helsing. The rules are simple and intuitive, creating a delightful first few plays. Dracula vs Van Helsing stumbles a bit as you get past the initial learning curve and want to go deeper. The play pattern became rote too quickly for our liking. This is possibly due to the card design where the higher number cards (good for winning lanes) also have the most powerful abilities. The idea of an inherent tradeoff – do you keep the cards or use them for their ability? – is conceptually cool, but practically flawed. The problem is that the low-value cards are uninteresting in the play space. Mostly, you want to pitch them as quickly as you can in a round, with the meaningful decisions coming only in the swingy last play or two in each round. **13. Looot** Looot has a promising concept that evokes Reiner Knizia tile layers like Babylonia and Blue Lagoon mixed with a personal player board puzzle similar to Cascadia or, more aptly, Calico. This is high praise, but, inevitably, the game suffers in comparison to these modern classics. The efficiency puzzle part of Looot works great, if you are into that kind of thing, and I am. Where Looot falls short is in the interactive route-connecting half of the game. We just found the promise of interactivity and blocking undercut by the openness of the space. Players can generally do something they want, and if they are well and truly blocked, there are one-time special abilities that get you out of the jam. I think there is a version of Looot that is a bit tighter that would fit our tastes more, but the version that made it to market is just a tad bit too looose for us. **12. Azul: Summer Pavilion** Summer Pavilion sands off the parts of OG Azul that make players say, “Ouch!” Allowing players to store tiles from round to round, gain completion bonuses during play, and make choices about how to spend the tiles they collect, player agency in Summer Pavilion feels a lot more flexible. This means mistakes won’t be felt so acutely, and final scores are likely to stay a lot tighter. Despite the softer touch, more decisions means a higher skill ceiling is likely possible here than in OG Azul. The downside is that, for our tastes, Summer Pavilion lacks the drama and excitement of OG Azul, where the potential to take a big negative point penalty is always dangling over your head. For this reason, we prefer OG Azul, but for the same reason, many groups will prefer Summer Pavilion. You probably know which camp you fall into. **11. Captain Flip** We were split on Captain Flip. It was one of Brendan's favorite games of the year and both of our most played game of the year. Brendan loved the spatial puzzle and trying to ride the wave of randomness and uncertainty provided by the titular flip mechanic. I enjoyed the novelty provided by Captain Flip and enjoyed my first handful of plays. The more I played, the more I found the randomness of the game combined with the spatial puzzle frustrating. This may be a case of it's not you, game, it's me. Love it or hate it, I think Captain Flip is a marquee example of a new trend in our hobby. Filler-length games with full decision spaces and game arcs. Just something to keep your eye on. mean **10. Ticket To Ride** We were impressed by how well this modern classic held up to our scrutiny. While the loading phase of the game, where play tends to go round and round as players collect a massive hand of tickets, feels a little wonky, this is easy to overlook Ticket To Ride's strengths. The biggest strength is an incredibly strong game arc, featuring rising action (lots of turns building a hand), climax (dumping a metric crap-load of trains on the board), and tense falling actions (finding the last cards you need/risking extra tickets/claiming final routes). Ticket To Ride remains among the best gateway hobby board games, but is also fun for deep diving, diving, and try-harding gamers. **9. Five Tribes** It shouldn't be a surprise that the other most divisive game of the year on Decision Space was Five Tribes. Five Tribes is a polarizing game that is at the extreme of searching for the best move on your turn. Here players can spend many minutes scanning the board for the highest value move, and then take even more time considering which path to take to get there. This is exacerbated by a skill ceiling pushing victory point turn order auction mechanism. All of this is music to my ears as a game player, but will be a turn-off to others, as it was for Brendan. Regardless of where your tastes lie, Five Tribes is at least worth trying for the unique player agency provided by the mancala-like mechanism here. **8. EGO** \*EGO occupies a weird place on this list as Decision Space's first review copy game sent by a publisher. Our opinions are based on only a couple of plays instead of our usual 10+\* EGO reimplements Reiner Knizia’s Beowulf: the Legend, coming out from Bitewing games in 2025. I played Beowulf once, and can charitably call it a memorable play. Closer to the truth is that I was frustrated and mad the whole time. Fortunately, EGO exists at the place where reimplementation meets redesign. The central push-your-luck auction mechanism has shifted dramatically to include a middle outcome in addition to the pass-the-fail outcomes of old. EGO also adds a lot of variety (a big improvement over none) to the set-up, nudging this design into a more modern design era. The decision space in EGO is one, well technically two, of a kind. It’s a set path of iterative auctions, many of which are where you lose the money you spend even if you don’t win, with innate, impactful push-your-luck decisions. It’s like the set series of events in In the Year of the Dragon meets the High Society Faux Pas card. While the reimplementation seeks to soften some of this punishment and does well, EGO remains a tough set of mechanisms that will likely leave players loving or hating it, much like its forebearer. We enjoyed our time with it and look forward to future plays. **7. Castle Combo** Castle Combo is a game that took Brendan and I completely by surprise. For my money, this fast but full decision space game, for lack of a better term, is even better than Captain Flip. (Brendan would disagree on that point.) Castle Combo is so fast and light – just 9 turns, choose 1 card each turn – that it works at all is a huge testament to its design and development. But it doesn’t just work, it’s fun, and for that Castle Combo earns my highest kudos. Don’t get me wrong, this game is holding on by a thread. It feels like it is more fun than it should be, and at times we wondered if we were being tricked somehow into seeing a game where there is none. If it is a trick, it is a masterful one made to look easy, but pull back the curtain to find a designer and publisher making a million small decisions correctly. **6. Bunny Kingdom** Dr. Richard Garfield is one of Decision Space’s favorite designers. As self-identified Magic kids, some of this appeal may be nostalgia, and we *are* partial to his contributions to gaming language, but the balance of this opinion comes from an appreciation of his games themselves. Bunny Kingdom is one of those stand-out designs. It uses straightforward, clean drafting mechanisms, yet still creates a novel decision space to explore. Brendan is more fond of this game than I am. My criticisms are around some of the rules grit related to scoring fiefs and the much-maligned end-game scoring arithmetic (solved by the BGA implementation, however). Despite these nitpicks, we both found a lot to appreciate in the game from small design choices, like drafting two cards each turn, to the paradigm-shifting grid-based draft. While Bunny Kingdom gets our recommendation, this is one that fans of pack drafting, especially, should seek out. **5. Nimalia** Yet another little game that came out of nowhere, Nimalia blew us away in 2025. This game doesn't really fit into the same short game + full decision space school of design like Captain Flip and Castle Combo, with nested rules and considerations offloaded to card or tile sets. In Nimalia, what you see is what you get – a more traditional filler, a straightforward pattern-building puzzle game. It just happens to be a damn good one. What we love about Nimalia is the use of Isle of Skye-style rotating, overlaid objectives. (Players will evaluate and score 5 objectives, 3 times each throughout 5 rounds.) This scoring system is a perfect match for simple tile placement and pattern building, enabling short-term opportunism and long-term planning in an efficient and fun box. It's a simple pairing so good, you'll say, “Why didn't I think of that?” **4. Planet Unknown** Planet Unknown is among the best polyomino tile placement games. It is distinguished by the interactivity and choice seamlessly added by the central revolving tray, allowing all players to simultaneously pick from the tiles closest to them. Genius. We also love the unhinged variety in the Planet Unknown box. The designers have truly gone for a maximalist approach when designing the variable corporation and planet boards. Each board pulls a strand of the game's fabric to an extreme extent, creating more variety than you expect from an asymmetric board. the game's fabric We typically praise clean, tight game designs. Planet Unknown isn't that. Some of the mechanisms are even kind of broken. (Looking at you, shared objectives with neighbors). We don't typically like boxes full of extra content either. (Just give us the best version of your game, please.) Planet Unknown breaks the rules and remains one of the best in class because the thing that matters most is fun, and Planet Unknown provides that aplenty. **3. Quantum** Quantum is a game with a great arc, a generative narrative, and wonderful, intuitive dice combat mechanisms. The hero mechanism here is the use of dice for movement and combat. Each ship is a six-sided die. The pip showing determines the movement and combat strength. Lower values win conflicts after each player rolls a die and adds it to their ship’s strength. A 1-pip ship can only move one space for movement but is the most powerful ship on the board. This movement/combat scheme has likely been used elsewhere, possibly earlier, but I would need to see it to believe that it’s been put to better effect than in Quantum. I was lukewarm on Quantum when we reviewed it on the show, but I found it shooting up my list for our end-of-the-year ranking. Why? I remember our plays more fondly in hindsight, looking at the thing as a whole, than I did when looking through our Decision Space lens analyzing the minutiae of turn-to-turn decisions. We also spent too much time fiddling with different board setups. Our recommendation is to stick with the basic 9-tile square map. I missed the forest for the trees with Quantum. Make sure you don’t make the same mistake. **2. Tikal** 2024 was the year that Tikal cemented itself firmly into my top 10 games of all time, maybe top 3. Number 1? It’s possible. So yeah, Decision Space recommends that you go play Tikal, post haste. Tikal has an incredibly distinct decision space that feels like watching a great, classic movie, but one that is still watchable and enjoyable today on a casual viewing, not just as an important piece of cinema history. Playing Tikal you get the sense that they don’t make ‘em like this anymore. With 10 action points to spend on your turn, Tikal asks players to luxuriate in a rich decision space, with dynamics that shift organically as tiles are laid onto the board and players maneuver their power over the jungle landscape. This luxurious decision space feel comes cost of flow around the table and getting in and out in 45 minutes to an hour. Tikal asks a bit more of players, in keeping with a different era of gaming, but what you put in, you get back with interest in gameplay. While Tikal still comes up in discussion over at the OG guild, it feels like it doesn’t have the reputation it deserves when compared to other great games of the early aughts, as a Spiel winner and just on its own merits as one of the best games you can throw onto your table. One explanation is that Tikal, as part of the “Mask Trilogy” of 4 games (we count Torres), doesn’t stand alone in the board game landscape. Its reputation is perhaps hurt by the lack of consensus on he best game in the series, the slight riffs on the core ideas appealing to different kinds of gamers. However, if you play one of these games, let it be Tikal. It’s the best one, and hopefully, the new version will put it back in the spotlight where it belongs. **1. The Resistance** The Resistance and we are talking about base The Resistance (Avalon is good too), is perhaps an odd game to end up as Decision Space’s number one game reviewed in 2024. It’s almost completely above-the-table gameplay and doesn’t really fit with the way we tend to explore games through the lens of decisions. What exactly is a turn in The Resistance, and how can you define decision space in an open-ended conversation? It’s difficult to say, yet clear that decision space exists here too, as players decide on gambits to try, choose which lie to pin their fate to, and commit to trusting another player. Decision space just looks a bit different here than in the eurogames we feature. What is clear; however, is that gaming around a table just doesn’t get much better than an invested group jumping into the witch hunt of The Resistance with both feet. When we decided to cover The Resistance, it was inevitable that we would end up here. This game is likely in both Brendan's and my own top ten games. It is responsible for some of the most memorable stories and peak gaming moments in each of our lives. For me, I don’t think I would have ended up here, writing this piece and creating this podcast, without some riotous good evenings playing Resistance with friends back in 2015. Games that create an agency felt as acutely as in The Resistance are few and far between. I realize now that I was lucky to get to this one as early as I did in my board game exploration. Now it is among the most worn games in my collection. Stil, my plays of The Resistance and, yes, Avalon, were as fun in 2024 as ever. If you haven’t got to this one yet in your own board gaming life, it isn’t too late, but, really, what are you waiting for? **HM 1 - Stamp Swap** This is a personal conflict of interest because the designer, Paul Salomon, and the people over at Stonemaier Games are friends and past contributors to the pod. We did, however, talk a bit about Stamp Swap on the show, and I had a blast with this game this year. It was a real treat to be involved in a the final playtest with the pre-production prototype and then get the final product to my table to introduce it to my weekly game group, the Laughing Table Friends. I cut, you choose isn't a mechanism I have explored too much, outside of giving opponents lose/lose options with Gifts Ungiven in Magic: the Gathering back in 2004. Here, the cutting and choosing is a bit more fair to the chooser, and I have a great time with the drafting and sorting of my little piles of stamps as well. Check this one out if it flew under your radar. **HM 2 - Unrest** Unrest, designed by Decision Space host, Brendan Hansen, came out last year. I liked it pretty well on launch, but 2024 was the year began to really appreciate this design. I'm pleased to say it is now my favorite game by Brendan, who is quickly becoming a designer of note. My appreciation for Unrest grew due to a Board Game Arena Decision Space tournament organized by our discord community. Over 10 rounds of play, I found the decision space bloomed on both sides of the board. I didn't win the tournament, but it hooked me. Now I'm waiting with bated breath to try out the new expansion. I recommend giving this a shot as well. (It's on BGA. You'll find me on there resisting and quelling and generally having a good time.)",open_discussion,https://www.reddit.com/r/boardgames/comments/1hqe9tq/ranking_all_the_games_we_reviewed_this_year_on/
"New years resolutions? With it being New Year's Eve, do you guys have any board game related resolutions? I had the idea that I'd buy, learn, and play one medium to heavy weight game a month. I was going to factor in smaller games every other month, but figured this would be more of a challenge. I thought I'd start with Scythe.",open_discussion,https://www.reddit.com/r/boardgames/comments/1hqe0kd/new_years_resolutions/
"Modern evolution of thematic games and their relation to micro-patronage first a short introduction. I wrote the post a few years ago for a Spanish forum (BSK) and in that forum I defended that since a few years ago we live in a golden age in games of this type. I think it can be an interesting debate: Those of you who have been around here for a while may have read me once saying that we are in the golden age of themed games, a statement that I make according to my experience and that may be totally wrong but I will try to explain how it seems to me, based on my experience as a player so surely in more than one statement I will be wrong and somewhat limited in the examples since I mostly mention games that I know although I have relied on the BGG for many data. I have also used the page to take its definition of this type of games. According to it a themed game is one that has a theme that drives the gameplay experience, creating a narrative similar to a book or movie. They have a main theme to which the rules and mechanics are molded to represent it as best as possible and have as common characteristics the conflict between players with possible elimination, the presence of dice and therefore randomness and lots of tokens and/or plastic miniatures, usually set in fantasy and science fiction worlds. I have been in this for many years and like many around here I started with role playing games so my inclination towards this type of games was more than predictable and the change I have noticed in this type of games has been abysmal and not only because of the plastic, years ago there were thematic games but they occupied a second plane in the gaming scene and in Spain this games were still something incipient and of “geeks” with very few publishers and translated games so access to this type of games was if possible more difficult. In the mid-90's, being from Granada I remember that friends who traveled to the capital would bring me expansions of carcassonne or zombies!!! (yes we all have moles in our gaming biography) so you can imagine the situation. So the first thematic games that I knew were taught to me by other gamers and they were the old games of the publisher Avalon Hill that published their games between the years '70 and '80 above all and that among so much wargame they dedicated a good portion of their production to thematic games. Among others we have the nowadays mythical “Magic Realm”(1979), “Dune”(1979), “Circus Maximus”(1979), “Republic of Rome”(1990), “Gunslinger”(1982), “Wizards”(1982) or “Merchant of venus”(1988). The differences with the more modern games are obvious in terms of production (although for me the cardboard counters have their charm) but not only that, if someone picks up a rulebook of any of these games he will realize that they have also changed the world in this aspect. The rules are presented in wargame style and with a wording that is difficult to unravel and as a great example is the mentioned “Magic Realm”, battlefield for many gamers who have not been able to play it, I myself have not been able to play the 3rd part of the rules. Part of the complexity of the rules I think is that they try to be simulators in a way and that what happens in the game is logical even though in many cases they are fantasy or Sci-Fi worlds. Between the old-fashioned aspect, the cost of some of these games that have become cult status and the difficulty of the rules, they are “niche” games, without much media repercussion in the gaming world in general. As we mentioned before, they do not stick to the mod current model of components either, being quite austere and with an art that in most cases simply remained in the cover, although some of them are quite evocative as the one of “Gunslinger” (1982) or “Wooden ships & iron men” (1974) or others, at least different, as “Intern” (1979). In the decade of the 80's other titles appeared with some renown but without being superhits like “Barbarian Prince”, even some have had recent reprints updating the components as the case of “Wiz war” (1983), “Battletech” (1985) or “Tales of the arabian nights” (1985). This last one I want to highlight for being the first game that I knew that brought an additional booklet to describe situations that occurred during the game, very fashionable nowadays that seem to have been chopped to see who makes the biggest blockbuster. In 1989 and 1990 appeared two heavyweights of the world and in Spain were the first “mainstream” games of this type and that made the imagination of many of us take off, “Heroquest” and “Space crusader” respectively. Both from the publishing house Gamesworshop, which during the nineties dominated the market with the so-called specialist games (“Manowar” (1993), “Necromunda” (1985), “Warhammer Quest” (1985), “Mordheim” (1999)...) and which still holds a prominent position in the market today. In these games you can already sense a great change in the components with the arrival of plastic to represent the heroes, enemies and furniture that we find during the games and that in my opinion have set the standard in later games also at the level of rules, streamlining and simplifying them. Heroquest proposed, unlike most confrontational or fully cooperative AH games, the need for a player to control a side, usually that of the “bad guys” in the manner of a game director in role-playing games. In the case of “Heroquest” the role of this one is almost testimonial, he does not really play and is limited to place and move enemies without having decision capacity. At the end of the 90's and beginning of the century the panorama begins to change and although it is still a minority hobby, it is gradually spreading, especially due to the rise of the eurogames, moment in which more publishers appear. In this context, the flagship publisher of the thematic FantasyFlightGames, a reference in this type of games until two days ago and that in retail is still a monster. By this time (2005) I was already fully involved and I remember perfectly the games considered top among them were “Prophecy” (2002), “Return of the heroes” (2003), “War of the ring” (2004), “Betrayal at house on the hill” (2004), “Runebound 2nd” (2005)... I will stop a little to see the mechanics. We take “Prophecy” and “Return of the heroes” and apart from the euro style in their components they have more similarities. If you play a game of both, the sensations they leave you with are similar, since except for small differences, they are about moving around the map with small differences, the combats are decided through dice and the heroes increase their power along the way until they reach the final confrontation. Very similar is the development of a game of “Runebound” and not only are they similar in this they also share the absence of an AI itself in the monsters that are defined by numbers to overcome in a roll and remain static on the map, some uncomplicated rules that is not bad in itself but it makes the games resemble each other and finally have a small intro about the background of the game but nothing elaborate, a couple of paragraphs and play. What is different about “Runebound” is the large number of extensions it has, providing greater replayability and that by means of small rules tries to bring more variety to the game, something that will become a common practice. Another important subgenre that we find in this type of games are the Dungeon Crawlers that drink directly from the “Heroquest” or its advanced version “warhammer quest” (1995) and so came in 2005 one of the great of this type from the hand of FFG, “Descent: Journeys in the dark” that marked an era and became a reference, we are facing other mechanics and game concept. For starters the game has many, many pieces between cards, counters, miniatures and other elements, a player plays the role of the bad guy controlling the side of the bad guys but unlike the “Heroquest” does have enough things to decide as monsters appear, has some cards that can be playing that often hinder the progress of the players etc. and the rules are more complex which in turn causes the players also have more tactical options while playing, until that time was the most similar to combat that could occur in a game of D&D. We also find a difference in the cost of the game, if I remember correctly this was going to 80 €, a fairly high price for the time. In this first decade other types of games were also made but they passed more unnoticed, so “Battlestation” (2004) takes a step further the role simulation and with a manual of almost 100 pages recreates an open world, with many possibilities for the players/narrator and with a very rich background. The problem was precisely in its freedom, to achieve it you need a lot of rules, losing many potential players along the way. We also find games where the story has a greater weight, from 2004 we find “Betryal at house on the hill”, a game with enough text for what was usual at the time that presents a mystery, with touches of terror, to solve between players with a small twist in the plot, but with more basic mechanics in terms of what players can do. In 2005, FFG released another super hit, “Arkham Horror 2nd edition”. Based on the myths of Cthulhu by H.P. Lovecraft, they present a game with quite a lot of theme representing the fictional city of Arkham, we can avoid the final confrontation with the primordial of turn and unlike other similar games the management of the characters is more dynamic and practically in all the turns decisions are taken. The mechanics are constantly evolving and we are presented with more and more varied games, although without breaking away from what we have seen before. “World of Warcraft: the board game” (2005) presents a curious system for the resolution of combats, ‘War of the ring’ (2004) besides capturing all the essence of Tolkien's works includes a very interesting system of actions by dice and a bestial asymmetry between the two sides. It could be said that there is a third way of thematic games, those of war and confrontation to which the mentioned game belongs. It shares with its brothers the amount of counters and miniatures and of course theme, which in this case is not an immersion through texts but rather by the different exceptions or modifications that occur in the rules for the different elements of the game (spaceships, sieges, different types of troops ...), perhaps its greatest exponent is “Twilight Imperium”, again edited by FFG which has recently seen its 4th edition. And we reach 2008, an important year and curiously it is not for the edition of any specific game, it is the year of creation of the American crowdfunding platform Kickstarter, which as we will see later will be very important in the development of the thematic games. By this time and until the explosion of KS publishers generally sought for their hits to rely on franchises known in the geek world, myths, LotR, various video games or adapting in different versions the background of Games Worshop miniatures games and without risking too much in innovations, so the all-powerful FFG largely dedicated to exploit their licenses with extensions of their most powerful games. If you can find different games from smaller companies like “Galaxy Trucker” (2008) from the publisher CGE a race first against the clock and later against other players to see if your ship reaches the spaceport in one piece, Cave Evil (2011) published independently and with a rather dark and metal theme even have an internet radio to set their games. In 2009 FFG publishes “Battlestar Galactica” one of the best hidden player games that manages to reproduce the atmosphere of the TV series. Also sees the light “Chaos in the old world” by Eric. M. Lang who later will be responsible for the publishing house CMON and in this one we see something different, a mixture of mechanics with some very euro with a lot of plastic and theme, one of the first hybrids.At the same rate that game publications are growing, more and more thematic games are appearing and more and more companies are trying to get their share. Thus the all-powerful Wizards of the Coast releases games set in Dungeon&Dragons, Eagle Gryphon publishes “Defenders of the realm”(2010), “Earth Reborn”(2010) by Ludically, Flying Frog Productions with a peculiar aesthetic and quite pulp in its games jumps on the bandwagon with “Last night on earth”(2007) or “Invasion from outer Space”(2010), And we reach 2012, the beginning of the takeoff of the KS platform. In this year CMON launches “Zombicide” and lays the foundations of what this platform will offer in board games in the coming years, a lot of plastic in the form of miniatures, outstanding components that once deployed on the table look spectacular and games accessible to all audiences. With this project they managed to raise more than 781,000 dollars, something totally unexpected I think that may be partly due to the zombie fever that flooded the freak world, even reaching the mainstream thanks to the success of the comic “The Walkind Dead”. It also influences its successors on the issue of price, a fact much criticized by detractors of the platform, this game with shipping costs exceeds the barrier of 100 € something not seen except for exceptions in traditional channels. For that time of the most outstanding products in store are “Mansions of Madness” (2011) another FFG hit, “Mice & Mystic” (2012), “Legendary: A Marvel Deckbuilding game” (2012), or the 2nd edition of “Descent” that without reaching the psychological barrier of 100 € if they saw their price increased. I still remember the rivers of ink that were written about the comparison of material and price, a fact that was visually evidenced in the size of the boxes, having the 2nd edition a much smaller size. During 2013 CMON strengthens its preeminent position in KS with “Zombicide season 2: Prison Outbreak” that with more than 2 million dollars raised can be considered the first great success and thanks also to other games with more modest collections, “Dog of wars” or “Xenoshyft onslaught” and highlighting “Arcadia Quest” with $774,222 in collections. Surely this fact calls the attention of other publishers and independent entrepreneurs so that in the coming years KS will be flooded with projects of board games or related to these as carrying bags for games or inserts to organize them. At this point we come to one of the main advantages of KS over the traditional market and that is that in the first we do not find the restrictions and limitations of the second in several areas. Traditional publishers contain themselves in the number of components in order not to increase the final price of the product too much, something that does not happen in KS, a greater variety of settings touching more controversial and adult themes, so we can find a first campaign of “Kingdom death: Monster” (2012), a game in which we will stop later, quite dark in that sense. And we arrive to 2014, a key year in my opinion because of the amount and later repercussion of a few projects and above all because of the campaign of Flying Frogs Productions of their flagship “Shadows of Brimstone” that as with “Descent” from now on will be taken as a model for the most ambitious dungeon crawlers. It is surprising because it is not one of the highest grossing campaigns (1.341.000$) but at the level of mechanics we are presented with three phases very different from each other and that from this moment become a kind of canon to imitate if you want to have a complete thematic. The rules are very influenced and said in more than one occasion by the creators of the old “Warhammer Quest”. The game mixes the setting of the far west with the Cthulhu Myths, achieving a quite “pulp” game as usual from the publisher. It also presents an evolution in the rules with monsters that without having a player controlling them have a limited AI but that gives a certain personality to each type, a greater management and variety in the evolution of the characters, “crafting” of equipment... Another great project of that year is Myth, with almost a million of collections, with original mechanics that mix hand management and a freedom to create games that could hardly be seen in a traditional game, since it would probably be blamed for a little worked rules, but that allows players to adapt the game to their tastes, with a little work. And here I allow myself another digression to comment on another of the big differences between the games published by KS and those that are not. Due to the rise of the hobby more and more games are focused on quick enjoyment, like other aspects of contemporary society and if a game can be explained in 10 minutes and ride in 5, so much the better. Of the games appearing in KS a high percentage do not follow this premise and in many cases we are presented with games with extensive regulations, which require a long preparation and ultimately more focused on the “gamers” and not so much to a larger number of public. In 2015 we find the re-interpretation of “Zombicide”, this time in a fantastic medieval setting in “Zombicide: Black plague”, which with more than 3.500.000$ is still in the top 10 of games with more revenue to date and reaches a level of quality in the miniatures rarely seen before in board games. At this point in the movie, more criticism against CMON and KS in general is beginning to be heard. CMON is blamed for the simplicity of its rules, who has not read something similar to: “miniatures collection with some rules for free”, and also for exploiting its hen with constant products of its most successful lines such as the mentioned “Zombicide” or the different “arcadias”, and KS is criticized for allowing deck sales of large companies to minimize risks during production, perverting the original idea of supporting author projects. Undoubtedly both things are true but they are not the only reality and nowadays we can still find very personal projects and games for all kind of fans, in fact I think KS has changed its policy to allow these pre-sales. -Prices do not stop growing in this time and it is increasingly common to find games that no longer exceed the $100 barrier, if not going beyond with the maximum exponent of “Kingdom death: Monster 1.5” (2015) that today remains the game with the the highest grossing game on the platform with more than 11,000,000 and I believe third in the overall ranking. (As of today surpassed by the second part of Gloomhaven.) This game is a great example of the goodness pointed out in previous paragraphs and paradigm of the games financed by KS. Expensive game, very expensive, if I remember correctly the average contributed by each sponsor was more than 500€. Plastic and in this case of great quality, a rather bloody and erotic adult background with mechanics in its three phases as we saw standardized by SoB (settlement, travel and confrontation) not too innovative but quite worked and surprising how well they fit together for example for me has the best AI for monsters based on two decks that show their behavior. It also complies and more than meets another characteristic aspect of KS which are the delays on the delivery forecast, in this particular case it is going to happen and a lot and that was given enough time margin. This year is also important for the appearance of “Legacy” games such as “Pandemic Legacy” or “TIME stories” and recently reached number one in the BGG ranking with “Gloomhaven”, a mini revolution that also raised some controversy related to the monetary issue since this type of game is characterized by a low replayability. They usually present a story that evolves as the game is played according to what the players do and by the need to modify/add/break different elements of the game. Many of these games also present secret elements that are discovered by different actions that happen during the game, so that once played they lose all the fun, if we add it to the fact that they usually have a high price, the aforementioned controversy is produced. On the other hand, the stories are more immersive and/or usually have cliffhangers in the purest TV style, so they deserve to be played or at least try one of these if you consider yourself a thematic gamer. At this point KS has become a hotbed of themed game projects, many are games with nothing special to comment or worse, suffer from little “testing” or are simply games that do not work but saving these and the bombs in sales can also be found games with small touches that make them at least curious. For example “Perdition Mouth: Abyssal rift” (2016). presents a rondel for the choice of different actions, “Dungeon Degenerates: Hand of Doom”(2017) in addition to its visual aspect that leaves no one indifferent being a game type “Prophecy” the mechanics to solve the combats are novel and agile, “Millennium Blades”(2016) that puts us in the role of players and collectors of CCG's, squandering theme everywhere with a curious mix of mechanics to represent its different phases... Around this time, the ""hegemony"" of KS changes hands, and several publishers start making a strong impact, securing million-dollar projects like the Polish ""Awake Realms,"" which currently dominates the scene, or the French ""Mythic Games."" Others are characterized by the outstanding quality of their components, like ""Chip Theory Games,"" or by the originality of their games, such as the aforementioned ""Millennium Blades"" published by ""Level 99 Games,"" although they have not completely overshadowed CMON, which still has million-dollar projects. As a consequence of this competition, publishers try to offer different things and also a lot of material, often more than necessary, another negative aspect of crowdfunding. For example, ""Conan"" (2016) by Monolith has, if I'm not mistaken, miniatures without rules to be played. Many times they also play with the players' eagerness and the promise of now or never, and in some cases, it is a lie, just like the delivery date is generally. Some of the detractors also claim that they are disposable games since they lack continuity, and this is true but not exclusive to KS; the same can be said for games that go directly to stores. And if we don't go to the other extreme, the ones that come out worse off are the traditional publishers, who are increasingly dedicated to releasing ""collectible"" games or shamelessly splitting up games that came out of KS to obtain greater economic profit. Off the top of my head, ""Sword&Sorcery"" (2017) or ""Hellboy: The boardgame"" come to mind. The boardgame(2019). Another characteristic that has been emerging lately is games that rely on some technological element, usually an app that acts as the game master for a role-playing game session. Thus, we find FFG games like ""Mansions of Madness 2nd Edition"" or ""LofT: Journeys in Middle-earth(2019). It is true that they achieve greater immersion in the game through atmospheric texts and background music, but being an app with limited AI, it ends up playing the role of a game master similar to that of ""Heroquest,"" which is rather flat and without surprises beyond the twists of the story itself. Others manage to take the use of an APP a step further, as in the case of ""Uboot: The boardgame” (2019) with more and varied functionalities. It seems that the future is partly heading towards the inclusion of technology; we can also see games like the old ""Leyenda de Zagore"" (1993) that include various gadgets, such as ""Return to Dark Tower"" (1981), which currently has an active campaign on KS. The extreme case can be found in ""Endarth: Covenant"" which will be played on a giant tablet. Many games include these different elements because it is more difficult to stand out in the multitude of campaigns. It also seems that the games that succeed are assured a good influx of money, usually through second editions where they tend to increase the product's price and take the opportunity to polish small flaws from the previous edition. This is the case with ""Gloomhaven"" (2017) or ""7th Continent"" from the same year, a hybrid game with a main mechanic that is entirely Euro, but with a multitude of details from thematic games, even breaking what would be the 4th wall of cinema. On the other side of the spectrum, we can find games that try to resemble a role-playing session as closely as possible with different types of approaches. ""Folklore: The Affliction"" The Affliction"" (2017) tries to do it through character sheets and a combat system that attempts to recreate that of the oldest role-playing games with a multitude of modifiers, while other games like ""Etherfields"" (2019) do it through a well-crafted story and atmosphere. As I mentioned at the beginning, there are now numerous games that rely on narrative to stand out. Here are a few examples: ""Middara,"" which had a huge delay beyond the estimated date, has an enormous manual, and between games, you have to stop to read several pages; ""Tainted Grail: The fall of Avalon” (2019) gives a twist to the mechanics of “7th continent” and adds a significant narrative load, or innovative tabletop games like “Time of Legend: Destinies” (2020) which combines confrontation gameplay with investigation and a strong narrative component, evolving its own game “Time of Legend: Joan of Arc” (2019), which has a more anecdotal narrative component. Whether through technology, mechanics reminiscent of role-playing games, or by including tomes larger than some novels, what publishers seek to create the next big hit, or rather what we players expect, is an authentic sandbox and the freedom they offer. Who hasn't heard something like ""if this will be the definitive DC"" which in the end is what most differentiates a role-playing game from a board game? There are projects for this year that point in that direction, such as ""Harakiri: ""Blades of Honor"" or “Arydia: The path we dare tread” that point precisely in that direction, aiming to offer a living and open world that evolves according to the players' decisions and actions. If we look at the BGG ranking for thematic games, in the top 50 we only find 7 games from before 2010, with the first one being ""Twilight Imperium 3rd"" at position 16.(2005). Another interesting fact is to see the number of pages dedicated to each year when sorted by publication year, which increases exponentially. Some assume from data like this that there is a cult of novelty and that games are almost meant to be used and thrown away; I do not agree with this statement 100%. With what has been stated in the paragraph, it is clear that there has been an evolution in different aspects, with greater ambition in what is intended to be offered, and for that reason, older games with their limitations in the sensations they convey cannot compete with the new ones. Without being bad games, I believe they have been widely surpassed. I also don't agree that they are quickly forgettable games; now they offer campaigns of many, many hours or vast amounts of material that provide a lot of variety, and the designers often respond through different channels to players' questions... This feeling is largely the fault of the consumers who, along with the universalization of the hobby, promote the frantic pace of publications with their inevitable portion of bad games. What the board game world has in store for us seems more than interesting. Will any of the upcoming releases be the long-awaited definitive DC? Is it inevitable that we will end up with technology on the boards? Will they surprise us with new mechanics? Will we continue with this explosion of thematic games? We'll find out in due time. P.S.: Sorry for the long post.",open_discussion,https://www.reddit.com/r/boardgames/comments/1hqdtme/modern_evolution_of_thematic_games_and_their/
Next game to pick after playing clue? My family of 8 adults have started having family game night. We love clue but were ready to move on to something else. Can you suggest another game that is like clue in the way that it's strategic? I would rather not do trivia games but I'll still check them out if you suggest them. Thanks!,recommendation_request,https://www.reddit.com/r/boardgames/comments/1hqda64/next_game_to_pick_after_playing_clue/
"After almost 2 years of building, revising and playtesting, our viking themed strategy game is finished We are so happy to finally get to the end of this incredible journey, to make a strategy viking game. We did a lot of revisions, and we playtested it with a lot of people from our area. Now, it's been quite a time of playtest without any changes. The game is called Northskye. We have 9 rounds (9 months in the lore), to prove our worth, gain the most reputation and become the successor of the island. It's all about card and action management, income and ressource management, adapting to many situations, siege, ambush, battle, expeditions and secrets, conspiration and more. We wanted the core of the game to be in the axis of : everything we do is a sacrifice for something, but an opening to another. For example : We always have 5 cards in our hand from a common deck, and in the first phase, we can play a card from our hand by discarding it for one out of the two options in the card. The first phase is mainly things about launching troops in expeditions, finding secrets, doing some conspiration things to the adversary, etc .. But we have to bear in mind that in the second phase, the number of cards left in our hand equal the number of actions we can play in a pool of other actions, mainly for building colonies, troops, moving, ambushing, upgrading things etc .. And it's just one of the aspect of the game. For now, it's just in french in Tabletop Simulator, but we are currently creating a real prototype as well. You can see the 2 players version in the photos, but we have also a 3 and 4 players version. I'm currently translating it in english, for playtesting with all of you. And we will do an entire video of the rules of the game, and some recorded gameplays in youtube as well.",open_discussion,https://www.reddit.com/r/boardgames/comments/1hqcv2z/after_almost_2_years_of_building_revising_and/
"Appreciation post / informal review of Universal Studios Monsters: Horrified. I am not affiliated with this product in anyway, this is not official promotion\* **Tl;dr: We enjoyed it with 2 players, its easy to learn and has hidden depth to appreciate and explore.** I was recently gifted the Horrified boardgame for Christmas and my partner and I have blasted through it. As of now, we have had 6 games. We had certain opinions and impressions after these games and found that while online reviews were accurate about it being, short, rule-light, easy for beginners, and fun, we thought there hadn't been enough appreciation for the game experience. So to confirm, the game is fun and easy to pick up. *What is the game?* The objective, in a nutshell, is to collect tokens across the board to hand in at different map locations. The flavour and specifics change for each monster you are trying to defeat on the map, all the while avoiding said monster and escorting terrified villagers. Terrified being the key word. Any failures of dying to a monster (don't worry you respawn at the hospital next turn) or letting a villager die (they don't respawn...) increases the terror count. If it reaches 6 counts of terror then the game is over, this is the one type of ""timer"" in the game. The other is the monster deck which dictates the moves of the monster. Each turn the monster deck is drawn from and when there is nothing to draw from the game is over. *What we liked about it*. As mentioned above, the objectives are to collect tokens and hand them to progress the ""slaying process"" of a monster. But for each monster, which items and how they are used creates a cute minigame for this collect-handover experience. And so the game does a very good job of making each monster feel true to its mythos in how it plays and is defeated. A quick example, The Invisible Man, requires items from certain locations on the map to be collected and returned to the Precinct Area as proof he has been committing crimes. However, items in this game are randomised most turns where they spawn, so you need to be quick to go after them. The invisible man while chasing down players and villagers, has an random ability that teleports him to the location with the most items are and discards them, woe if that item is at a clue location! Another ability is that after attacking you, he may turn and disappear chasing a villager instead. Both of these abilities create a thematic fantasy of dealing with an invisible criminal. This is the crux of what we liked and felt other reviews have omitted; the fantasy the game provides is very well done for each monster's roaming/attack behaviour, method to defeat them, and the player's behaviour of avoiding the monsters until they are ready to be slain while escorting villagers. It all fits well into the Monster Movie tropes. If you enjoy Universal Monsters, I think you will enjoy this. A second point of what we liked stems from it being rules-lite and beginner friendly. This means the difficulty cap is quite low. We were able to win 5/6 games on varying difficulties with little strategizing and forward thinking. It's at this point that the rule-lite element and forgiving difficulty can be buffered by the fantasy element. We started introducing lore/fantasy-appropriate modifications to the game that spiced up the risks we took while feeling true to the games rules. **Two examples:** 1) If two heroes are equal distance on the map from a monster, the rule is that the players must decide who it goes after. Logically, players pick the person with the better chance of defending themselves. However, we decided that if a player has the Hunt symbol on them (the Wolfman Monster random mechanic) then the Wolfman would rather go after them than our meta decision that benefited us. And it makes receiving the Hunt symbol more daunting as they play needs to be more aware of where the Wolfman is on the map during each turn. 2) If we have a choice between advancing an objective or moving a villager out of harms way, we would prioritise the villager's wellbeing. This satisfies the lore fantasy of being the Heroes as well as two in-game mechanics, a) further diminishing the aforementioned Monster's withdraw deck (no cards is game over) and b) reaping a Perk card for saving the villager (the only way to gain the Perk card). a) By simply prioritising the villagers we engaged more with the mechanics of the game. The Monster Withdraw deck reduces each turn, and by not making direct progress to defeat them (saving a villager) the stakes are raised. This fits nicely with the moment in the films where you as the viewer are screaming ""No, why would you do that!"" at the hero for some tension-inducing but not logical decision. b) Perk cards are special once-off actions you can activate if you have them. The only way to use them is to save a villager by escorting them to a safe location (normally the other side of the map). By prioritising villagers in the above mentioned circumstances, we are rewarded with an additional game mechanic. The Perks are often boosts to the players ability such as moving further, extra actions, or skipping the monsters turn! Using these to make up for the handicap of escorting the villagers, is quite rewarding. There is lots to this little game , and more details and adjustments I could share, but for brevity sake I'll leave it here. It's a fun casual game for 1-5 people, and has space to make your own game adjustments while also providing opportunities for goofy moments when you mourn the loss of a villager. Thanks for the read, and I'll answer any questions that pop up.",open_discussion,https://www.reddit.com/r/boardgames/comments/1hqcdw8/appreciation_post_informal_review_of_universal/
"I want to make a Club at my university I love board games!!! I was in my schools board game club elementary and high school and I love it!!! I’d like to make one at my university because it’s lacking one. Any tips for running a club smoothly or any games I should get? I do like board games but I don’t really have many of them, are there any places you could recommend to get board games that wouldn’t be too expensive? I mostly buy some here and there at thrift stores.",specific_help,https://www.reddit.com/r/boardgames/comments/1hqbl3b/i_want_to_make_a_club_at_my_university/
There’s a card game where you approach strangers and have to get something out of them I forgot what it’s called I found this game years ago but I forgot what it's called you play it in public and the goal is to approach strangers and get them to do something,specific_help,https://www.reddit.com/r/boardgames/comments/1hqbdob/theres_a_card_game_where_you_approach_strangers/
"Why is wingspan so loved? I’m 2 turns into the second round, and I already have every play for the rest of the round planned out with 0 interactability with anyone else on a 5 player table. The birds are cool, and I still think I’ll score ok, but eehhhh…. I know some folks love it, I’m just not in love with it yet. Does it get better?",open_discussion,https://www.reddit.com/r/boardgames/comments/1hqarov/why_is_wingspan_so_loved/
"New to Gamefound - Do Base Game and Expansions Ship All At Once At the Same Time? I know this sounds like a stupid question, but I’m new to Gamefound and am interested in Grimcoven. There are bundles you can buy where it includes the base game and expansions. I would assume expansions would ship at some point after the base game, but it doesn’t separate the dates. It seems to be saying that the bundle I’m buying which includes the base game and expansions would all release around September 2025. I know this is an estimated date to begin with, but assuming the game releases in September 2025, is the developer of the game also targeting that everything in the bundle releases at the same time? If not, at what point do they clarify the release dates of everything in a given bundle? Thanks!",specific_help,https://www.reddit.com/r/boardgames/comments/1hqa2oa/new_to_gamefound_do_base_game_and_expansions_ship/
Another “trying to remember” post I’m trying to remember a game I played once where we were maybe on an island or in a temple? Had a push your luck element where we were trying to collect artifacts or treasure or something from different tiles but every so often tiles would “sink” and be removed. I know someone is going to get this immediately but I can’t for the life of me remember the game.,specific_help,https://www.reddit.com/r/boardgames/comments/1hq9m12/another_trying_to_remember_post/
Advice needed Anyone have simple solutions for storage in a small space? We don't have the room for a lot of shelves.,recommendation_request,https://www.reddit.com/r/boardgames/comments/1hq9gpq/advice_needed/
"Cards Against Star Wars: An affront to gamers and designers everywhere This Christmas, a family member (whose identity I shall obscure for their own sake) gifted us **Cards Against Star Wars**. Obviously, expecting a cheap reskin of the namesake franchise to be designed with quality is, in itself, folly. But holy fucking shit, this is the worst developed game I've ever endured in my life. There are an abundance of editorial errors, from obvious grammatical mishaps and misspellings, to contextual fandom goofs that make it seem like this whole game was assembled by someone who had watched the series once with ex. Perhaps worse is the complete lack of nuance and understanding of what makes card comparison games fun. Each answer card in this cardboard catastrophe is about ten words long jamming in every salacious descriptor that the so-called designers could dredge up from urban dictionary. Gone are the one-liners, the simple character names, the agency of the players to create somthing clever or funny or dramatic from their own minds. These games have always welcomed filth, but this version is just a uninspired collection of word vomit that rarely amounts to anything but a furrowed brow and 10 seconds of disappointed reading. Not that many here would opt to buy this abhorrent excuse for ingenuity, but for those who have considered the possibility, I beg that you choose something more refined and entertaining. (Perhaps punching yourself in the face?) I can only hope that the version my nameless family member purchased is a cheap knockoff; however, considering that the cardstock and printing was the only part of the game with any signs of quality, I fear that this was printed with sincerity.",open_discussion,https://www.reddit.com/r/boardgames/comments/1hq91oc/cards_against_star_wars_an_affront_to_gamers_and/
"Betrayal at house on the hill question I was playing with my family for the first time and we were extremely confused about the traitors rules on a game. We were playing the scenario 18 ""A Nice Ring to It"". It doesn't actually tell the traitor how to kill the people or if the illusions can actually attack the survivors with might or what they're supposed to do. We were clearly missing something for our first game. Does anyone know how it's meant to work? The game for reference [https://i.imgur.com/ojds238.png](https://i.imgur.com/ojds238.png)",specific_help,https://www.reddit.com/r/boardgames/comments/1hq8y7b/betrayal_at_house_on_the_hill_question/
"Train Tuesday - (December 31, 2024) This is a weekly thread to discuss train games and 18xx games, which are a family of economic train games consisting of shared ownership in railroad companies. For more information, [see the description on BGG](https://boardgamegeek.com/boardgamefamily/19/18xx). There’s also a subreddit devoted entirely to 18xx games, /r/18xx, and a subreddit devoted entirely to **[Age of Steam](https://boardgamegeek.com/boardgame/4098/age-steam)**, /r/AgeOfSteam. Here’s a nice guide on [how to get started with 18xx](https://www.reddit.com/r/boardgames/comments/4sygx3/how_to_get_started_with_18xx/?st=iqny4loj&sh=c01b5d88). Feel free to discuss anything about train games, including recent plays, what you're looking forward to, and any questions you have. If you want to arrange to play some 18xx or other train games online, feel free to try to arrange a game here or in our weekly [BGIF](/r/boardgames/?f=flair_name%3A""BGIF"") posts.",open_discussion,https://www.reddit.com/r/boardgames/comments/1hq8brf/train_tuesday_december_31_2024/
"Two-player Twosday - (December 31, 2024) Chime in here, your weekly place for all things two-player! Sessions, strategy, game recs, criticisms, it all flies here.",open_discussion,https://www.reddit.com/r/boardgames/comments/1hq8br5/twoplayer_twosday_december_31_2024/
"Board Game Sleeve Question I'm looking for sleeves for some games that have odd size cards. I looked at BGG and was surprised by the variety for a specific game. As an example I have a few games with 57mm/2.25” x 89mm/3.5” cards. I assumed that would be the size I'd need, but what I found on ""recommended"" on BGG was: 59x91 57x89 57x90 58x89 57.5x89 59x93 59.5x91 60.5x92 57x91 59x91.5 The variety seems a bit excessive. If it's a matter of extra room why (for instance) are there no sleeves with a consistant gap, a half milimeter(57.5x89.5) or 1 milimeter(58x90)? I guess 59x91 qualifies with a 2 millimeter border but that's it. 1) Does anybody know w/ certainty why the situation is like this? 2) What is your recomendation & (briefly) why? Thanks.",recommendation_request,https://www.reddit.com/r/boardgames/comments/1hq7v0t/board_game_sleeve_question/
"Help finding some games pls Hi everyone, so I used to own this two games like 3 years ago but I don’t remember the names I just remember the mechanics (somewhat). An important detail is that these might be games in spanish, but I’m not sure. The first one is a game that had cardboard cutouts of different objects (glasses, traffic cones, food, etc) and cards that had pics of these objects. You were supposed to pick out three cards at the start of the game, and the cardboard pieces were supposed to be layed out, in the middle of them you had to reveal the remaining cards, if the item appeared twice you had to grab said item, winner had the most items. Oh and the three cards from the beginning at the end you revealed them and if a player had one of the objects they automatically lose. The second one came in a small box, almost as if it was a for cards, but instead it was filled with small figures, I think different sizes of triangles and rectangles, and I think you were supposed to build. I think the goal was building a pyramid and the player with the biggest build won. I think it was a two player game. If anyone could help me out finding these games I’d really appreciate it, thanks.",specific_help,https://www.reddit.com/r/boardgames/comments/1hq73au/help_finding_some_games_pls/
"Good card sleeves for cards made of paper? My sister and I have created a card game using cards we illustrated, on simple cut-out pieces of paper. As such, they're 'paper-thin,' without the firmness of classic cards. I know Dragon Shield are rated well, and it's a price-point I'm content with. But, is there a particular kind of sleeve that might suit best for paper, to achieve fair protection as well as a good shuffle feel? Thanks.",recommendation_request,https://www.reddit.com/r/boardgames/comments/1hq1egy/good_card_sleeves_for_cards_made_of_paper/
"Decrypto Rules Question - Adding unnecessary information to the clues We had a discussion today playing Decrypto: Is it ok to add unnecessary information to the clues? Example 1: the codeword is ""hairdresser"" and instead of giving the clue ""scissors"" the clue ""scissor sharpening tool"" is given. Example 2: the codeword is ""tape measure"" and instead of giving the clue ""yardstick"" the clue ""inventor of the yardstick"" is given. Of course this might lead to confusion in your own team, but in can be implemented in a way where the clue that is ""hidden"" in-between the unnecessary information is so obvious that your team will get it right (as in the examples above). Is this fair game according to the rules?",specific_help,https://www.reddit.com/r/boardgames/comments/1hq19z2/decrypto_rules_question_adding_unnecessary/
Two Stationfall questions Picked up a copy of Stationfall and am looking over the rules. Do you recommend using the Tutorial when playing for the first time? There will just be two of us playing. And helpful advice for a two player game?,specific_help,https://www.reddit.com/r/boardgames/comments/1hq13sg/two_stationfall_questions/
"Tower Up or Foundations of Metropolis Looking to get one of these post Christmas, both themes I like and game play styles. Both seem to review well, has anyone else played either of them and their thoughts?",recommendation_request,https://www.reddit.com/r/boardgames/comments/1hq0cj0/tower_up_or_foundations_of_metropolis/
Can anyone identify the roll/flip-and-write game from this screenshot? I hope I can link it directly: [https://spieleverein-boeblingen.de/wp-content/uploads/2024/10/20240628\_220901-768x432.jpg](https://spieleverein-boeblingen.de/wp-content/uploads/2024/10/20240628_220901-768x432.jpg) I think the rules sheet can be seen on the opposite side of the table but I just can't make out the title and thought the game looked really interesting. Anyone have a clue?,specific_help,https://www.reddit.com/r/boardgames/comments/1hpzqqa/can_anyone_identify_the_rollflipandwrite_game/
"Coop game Now we succesfully finished all the legacy-versions of pandemic, we are looking for a new coop game and if possible a legacy. Any recommendations?",recommendation_request,https://www.reddit.com/r/boardgames/comments/1hpyuhk/coop_game/
"True Crime Stories Big Potato Games email issue Not sure if anyone has played this series of crime solving games but I’m having an issue where I can’t get an email reply back when I send in my email with the chief suspect. I’m working on case 1 and so far I’ve gotten no reply for about 20 hours. Big Potato’s website says they are out of the office on holiday until the 2nd, but certainly they have their AI/bot or whatever answering emails from this game. Just wondering if anyone has experience with this company and if I’m out of luck until the 2nd on playing this game. I have tried multiple emails, from different account. I even copied the same exact email, word for word, from a YouTube walk through. They got a reply within seconds but nothing for me.",specific_help,https://www.reddit.com/r/boardgames/comments/1hpy43l/true_crime_stories_big_potato_games_email_issue/
"I made a crucial mistake buying Final Girl It's Boxing Day sales, I was looking around for games to buy, and finally decided to get the Final Girl Series 2 Box Set and a Core Box (thinking the Series 2 box doesn't come with Core Box but the Box of Props). I watched a ton of unboxing online, looked through different websites for price comparison, and decided to buy from a local shop. Just received it today and what a disappointment! The box I have is JUST the storage box with the Core Box included and 5 films. It has none of the content that the Ultimate Box comes with! I opened the Cast and Crew and Bonus Features with great disappointment. Now my question is, why am I paying the same amount of $ as the Ultimate Box for just the storage box that lacks the content of the Ultimate Box? And why do they package them the same way? If I had known this, I would have purchased the Ultimate Box from a different website that actually has the contents in it, for the same price. Wow what a mistake I made. So now what do I do? Should I purchase the Box of props and the Cast and Crew and Terror add ons?",open_discussion,https://www.reddit.com/r/boardgames/comments/1hpy26b/i_made_a_crucial_mistake_buying_final_girl/
Coop fantasy board games for beginners? Does anyone know any good Coop fantasy board games that would be easy to learn? I work at a clinic with lots of autistic children and they love fantasy style imagination games and stuff and some of them want to get into board games like that but all the ones I imagine showing them are way too confusing for them,recommendation_request,https://www.reddit.com/r/boardgames/comments/1hpxchg/coop_fantasy_board_games_for_beginners/
Are 'A Feast For Odin' Mini Expansions desirable/needed/obsoleted by Norwegians? I've ordered Norwegians to enhance my AFFO experience having tried it out on BGA; I'm curious about whether it's worth trying to pick up either/both of the mini expansions as well.,recommendation_request,https://www.reddit.com/r/boardgames/comments/1hpx2do/are_a_feast_for_odin_mini_expansions/
"Deception: Murder in Hong Kong is too easy for the investigators I know I'm a bit late on this one, but I really want to enjoy this game and love the concept. The issue is that the murder never wins when we play unless there is a mistake. The location and cause of death clue cards seem to always pinpoint exactly who did it. The location cards are way too specific (since you can choose the best one of 4). I heard the expansion has a more general/vague location card. Should I make my own version of that card? I'm having a hard time convincing my friends to play this game since it never seems to work out when we try. We usually have around 6 people. Could that be too low? Should we always play with 6 clue and 6 means cards? We also get the murdering to try and take their time picking the cards but it still ends up being to easy. Thanks.",open_discussion,https://www.reddit.com/r/boardgames/comments/1hpwuo2/deception_murder_in_hong_kong_is_too_easy_for_the/
"Ticket to Ride Europe Howdy all, I purchased Ticket to Ride Europe after playing Ticket to Ride base game for about a month. My friends and I certainly enjoyed it! Made us realize we don’t know the exact spellings and city names they use in the game (only gripe) but we were able to learn quite quick. The train station mechanic is absolutely awesome! This definitely saved a few of us from not being able to complete our special routes. The card quality is on par with Ticket to Ride, I was happily surprised when I opened the box and they were full size playing cards. Big big win. The tunneling mechanic definitely screwed me over but also adds another layer of fun into the game. The ferry mechanic made the locomotives (rainbow/wildcards) that much important. Most of the time those were snagged as soon as they hit the line up. Would purchase and recommended! My rating 9.5/10! What could be better? I was surprised by the upgraded feeling of the game with options like the train stations and full sized cards and was only a little disappointed they didn’t do something cool with the score markers and or train cars themselves.",specific_help,https://www.reddit.com/r/boardgames/comments/1hpwf3a/ticket_to_ride_europe/
Im torn between wyrmwood and geekyson gaming table I recently backed wyrmwood holiday sale for the table but i have just seen the geekyson table is launching a campaign early 2025 and im not sure if i should get a refund and wait for it or keep wyrmwood.. one of the biggest factors making me lean more towards geekyson is that they ship to my country whereas wyrmwood i was planning to freight ship it and potentially damaging it or the possibility of faulty parts that would be difficult to replace In terms pf cost both will round up to be the same seeing how expensive shipping is to my country If anyone has experience with either table please let me know,recommendation_request,https://www.reddit.com/r/boardgames/comments/1hpw9gr/im_torn_between_wyrmwood_and_geekyson_gaming_table/
"Thunderstone Quest Barricades to hard? I am missing something barricades mode seems way too hard tried with 2 star difficulty Threat and normal difficulty, 4 games only got to flip over to lair side of card once one it does flip deal 1x damage to each location in town is brutal didn't even do a wound. 4 players roll 2 dice each all players get the side add 1 monster and add 2 monsters so 12 total monsters get added to the pool 20 hits and you are defeated. 10 gold to build a barricade from all heroes at location combined keeps getting harder to do once less people can go to a location. the dice are so imbalanced against the heroes, you need to spend shards to level up your heroes but then you need those for prestige class increases also. Group into a party to defeat a monster then all party members suffer all the bad before and after battle effects and suffer all the wounds each, but the reward is split so no incentive to group",specific_help,https://www.reddit.com/r/boardgames/comments/1hpvwr9/thunderstone_quest_barricades_to_hard/
"Games with upgraded or premium pieces? Been really enjoying the upgraded pieces in Flamecraft (metal coins, upgraded meeples, wood tokens, neoprene play mat) and then recently got into Mill Valley Glassworks and am loving the real glass pieces, again neoprene playmat, and just all the little details. Both feel like a such an upgraded game to interact with (granted all included it’s a higher price point, but at the amount we play it’s a minimal investment), it really adds to the play experience and we get comments all the time when we bring them in public. The only other that I currently own that I was impressed by like this was Planted, which I had minimal expectations of and got on clearance - but there were really nice pieces and a variety of materials as well. Would love to hear of other games that people feel fit this sort of description, it’s nice to have them on hand for just a little extra buy in for new players and for the overall enjoyment. Let me know what you think!",recommendation_request,https://www.reddit.com/r/boardgames/comments/1hpvq9q/games_with_upgraded_or_premium_pieces/
"Gloomhaven: Buttons and Bugs - Did I misplay my first game? I just played my first game of Buttons and Bugs and I'm not sure if I misplayed my first game at the end. I won the first scenario (and would have won regardless) but want to make sure I got the rules right for the rest of the campaign. I needed to do 1 damage to the last enemy. I had two cards out with persistant bonuses and two cards left in my discard. I performed a short rest and returned the two cards from my discard into my hand. I then discarded a card leaving me with 1 card left in my hand. I performed no actions and my persistant card killed off the last enemy. Should I have become exhausted at the point I discarded the card after the rest and leaving me with 1 card, and therefore lose the game? If so to prevent this should I have discarded a persistant card so I could take 3 cards back into my hand before discarding (I could then have won the scenario anyway). It's all rather confusing.",specific_help,https://www.reddit.com/r/boardgames/comments/1hpv8q5/gloomhaven_buttons_and_bugs_did_i_misplay_my/
"Monikers but less niche/American? Similar to Poetry for Neanderthals? I have Monikers and it's a great hit usually, but about half of the cards are way too niche in references and too ""chronically online"" for most groups. I also have the Serious Nonsense expansion which ups the niche percentage to 80%. Is there an expansion of Monikers that has more general cards and less knowledge tailored only for Americans? I also have Poetry for Neanderthals which is a similar guessing game but it's all generic nouns, which is also fun and more accessible. Are there other similar games that are about just as fun? Thanks so much.",recommendation_request,https://www.reddit.com/r/boardgames/comments/1hpv7ax/monikers_but_less_nicheamerican_similar_to_poetry/
"The Crew game question In Crew, if one player has a task “must not win any green” and has not won a green by the time and all other tasks are completed, is the mission solved or must the players continue to play until all the cards are laid down (to see if the first player can avoid getting the green)?",specific_help,https://www.reddit.com/r/boardgames/comments/1hpv6o4/the_crew_game_question/
"PSA: If you purchase the Divinity board game anywhere but the Larian merch store, you won't receive any support. Doesn't matter if it was sealed and it has missing pieces . Just wanted to let you all know. Hopefully I'm not missing any pieces, I bought it off ebay.",open_discussion,https://www.reddit.com/r/boardgames/comments/1hpv1fn/psa_if_you_purchase_the_divinity_board_game/
New Abyss expansion De Profundis! Hadn’t seen this mentioned yet and just stumbled upon it myself. Rulebook is up on their website https://studiobombyx.com/en/jeu/abyss/ And pre order from Pandasaurus games is available. I freaking love Abyss and was blown away a new expansion was coming out. Adds a bit of take that with a new type of lord who can potentially steal locations from opponents!,open_discussion,https://www.reddit.com/r/boardgames/comments/1hpu4fw/new_abyss_expansion_de_profundis/
"Mysterium game additions to enhance the atmosphere. Hi all! My daughter and I have played this times and each play we have added something to enhance the “mood”. We definitely turn the lights down, added a few LED tea lights scattered around the table. And of course the background music. That is a MUST. But the one thing we both love is this LED Moon lamp that is controlled by remote. The Ghost controls the colors,. And we use Green for Yes and Red for no. The Psychics ask the ”Orb” for the answers. I think it’s a great addition and better than knocking on the table. What other items have you added to enhance the Mysterium experience.?",open_discussion,https://www.reddit.com/r/boardgames/comments/1hptzzj/mysterium_game_additions_to_enhance_the_atmosphere/
"Importing ENG games to Italy Hello fellow gamers. Recently I wanted to swtich the main language of the games I buy from my native one (Italian) to the most universal language of them all: English. Unfortunately, I seem to have some problems in reliably finding them: looks like some boardgames here (unsure about elsewhere) are distributed by localized companies, which only do so in Italian. After that I then tried to look a bit on the most common online marketplaces, Amazon and Ebay, with little to no avail. I was wondering if I just got myself into a hard quest to begin with, or if there is maybe some sort of international online marketplace replenished with these in order for me to easily import those. Thanks in advance for the help, Cheers!",recommendation_request,https://www.reddit.com/r/boardgames/comments/1hptvju/importing_eng_games_to_italy/
"What are some interesting upcoming Kickstarter games? And how would I keep an eye out in the future for upcoming games on Kickstarter? I’m fairly new to the hobby, and really enjoy my collection. I have no idea how people know what games are currently gathering funding or being marketed, let alone which ones look fun. What games are you currently following, and how do you check or track them? To be clear, I currently happened across five or so games in my collection that were Kickstarter games that I very much enjoy! But I understand that it’s a total gamble when it comes to backing.",recommendation_request,https://www.reddit.com/r/boardgames/comments/1hptk57/what_are_some_interesting_upcoming_kickstarter/
"Retail VS Kickstarter I've been collecting board games for about a year and a half. I have a few friends who are already deeper invested in the hobby. They're always telling me to back Kickstarters, but honestly, I don't know why. There are still dozens of games in retail I want to add to my collection. So many classics, like Ra, Scythe, El Grande, Cascadia, Frosthaven, Descent... Why would anyone choose to spend money on games you have to wait up to a year for, and of which you don't even know if it's actually good... Please enlighten me.",recommendation_request,https://www.reddit.com/r/boardgames/comments/1hpt4my/retail_vs_kickstarter/
"Rule question about Azul It looks like it’s only possible to complete one horizontal row, since we can only put the new tiles in one row, which triggers the end of the game. But in the scoring section, it says that every completed horizontal row gets two points, which sounds like you can have more than one completed horizontal rows. Can we really have more than one completed horizontal rows?",specific_help,https://www.reddit.com/r/boardgames/comments/1hpt0cz/rule_question_about_azul/
"Hustle'n Bustle by Darten Instructions Hi, I have this board game I bought second hand from a thrift store. Unfortunately it doesn't come with instructions/hand book. I'm hoping someone knows how to actually play it. I've attached pictures of the box and the board. Google doesn't have anything.",specific_help,https://www.reddit.com/r/boardgames/comments/1hpse9d/hustlen_bustle_by_darten_instructions/
Question in Root When the nest claim dominance it has to have more or the same presence than any other faction. What the definition of 'presence' in this case? Enemy warriors or Enemy Warriors + Enemy Tokens. And than a single faction or a combination of factions?,specific_help,https://www.reddit.com/r/boardgames/comments/1hpscrk/question_in_root/
"Ways to level up 'Warewolf'? I'm making a deck of cards for a basic warewolf game, and have included various roles such as seer, hunter etc. I'm wondering if there is anything else I can add to the game for a little spice? I was thinking of having a 'wildcard' deck, which would be a deck of cards that add different aspects to the game, like a murder having to happen during the day, shields which would protect you from dying, the option for a player to trade cards with another etc. Do you think this would work, and what wildcards could I include? Thank you!",recommendation_request,https://www.reddit.com/r/boardgames/comments/1hps513/ways_to_level_up_warewolf/
Kemet campaign question I’m new (a-little over a year in and digging it) to the modern board game scene. Haven’t really dug into all the crowdfunding stuff. Turns out I just missed the new Kemet blood and sand campaign that adds the 6-player expansion. It says it won’t be available for retail…. Is this true. Did I miss the chance to add a sixth player to my copy of blood and sand? Or is this a marketing thing and later on I will be able to buy things individually?,specific_help,https://www.reddit.com/r/boardgames/comments/1hps23y/kemet_campaign_question/
"New(ish) to Boardgames As the title suggests, I'm newer to boardgames. I obviously grew up playing your standards like Monopoly or Risk, but just recently bought Wingspan and The Night Cage at the Barnes and Noble sale. Are there other ""must haves"" I need to know about? I've read about Root and Gloomhaven and a few others. Thanks for any advice or suggestions!",recommendation_request,https://www.reddit.com/r/boardgames/comments/1hpqu4p/newish_to_boardgames/
Can you trade event cards in Fury of Dracula 4th ed? As above. Certain event cards can only be used by one character so it seems a waste and disadvantage to have a card that can only be used by Van Helsing completely unusable for the entire game just because the wrong character picked it up.,specific_help,https://www.reddit.com/r/boardgames/comments/1hpqr3y/can_you_trade_event_cards_in_fury_of_dracula_4th/
"Rule Clarification Sheriff of Nottingham Recently playing the Sheriff of Nottingham (2nd edition) I must have missed a rule somewhere an I can’t seem to find an answer.. My son put 3 apples in his bag and 1 crossbow. Then when he declared he said “I have 4 apples in there”. I called his bluff and inspected his bag. He then paid me the penalty for the crossbow but then keeps the legal goods as he declared them ? Did I miss something? It’s our first game but this feels like a real cop out as you could always secure something in by filling it with legal goods, declaring you have them + those you don’t and then ensuring no matter the outcome you always get something. TIA.",specific_help,https://www.reddit.com/r/boardgames/comments/1hpq0y0/rule_clarification_sheriff_of_nottingham/
"Question about fox in the forest There is an effect card we dont understand. Its the bell eleven. It saus ""when you end with this card, your opponent has to play the 1 bell or highest bell. But I played a card first and then she played this effect card. So what do I do? Where do I play this card? I already played a card so I dont understand it. Need help haha",specific_help,https://www.reddit.com/r/boardgames/comments/1hppohw/question_about_fox_in_the_forest/
"Working on Mario Kart Items for Heat https://preview.redd.it/ye51q34k70ae1.png?width=1323&format=png&auto=webp&s=1621293cd275b8e9ccc20a95b7f4df72c1a26a36 Asking for feedback. Im not a graphic designer so it looks a bit meh. I already worked out how most of the Items should work. I plan on releasing this ""expansion"" once im done.",specific_help,https://www.reddit.com/r/boardgames/comments/1hppmae/working_on_mario_kart_items_for_heat/
"Has anyone else have a boardgame 'click' overnight? I will struggle with board games, especially abstract ones, for a few days and then one day suddenly be able to plan and see-ahead well. This happened to me with **chess** and **mancala**. Do you also see boardgames in your dreams/have tetris effects? I saw **chess** in my dreams for a while when I played it a lot",open_discussion,https://www.reddit.com/r/boardgames/comments/1hppaje/has_anyone_else_have_a_boardgame_click_overnight/
"Any up and coming publishers to keep a look out for? Other than CMON, Awaken Realms, Mindclash etc., any other promising publishers that deserve more limelight?",recommendation_request,https://www.reddit.com/r/boardgames/comments/1hpp7kz/any_up_and_coming_publishers_to_keep_a_look_out/
"What about a fusion of boardgame and TCG? Hey board game enthusiasts! 🎲✨ Imagine this: the deep strategy and tactile experience of a **board game** combined with the deck-building and strategic card play of a **TCG (Trading Card Game)**. Sounds intriguing, right? Let me introduce you to an idea (and a real example) that blends these two worlds perfectly—**Legends of Elysium**. # What Makes a Board Game + TCG Fusion Exciting? 1. **Strategic Depth:** Unlike a traditional TCG match, you’re not just managing your cards but also navigating a board. Terrain matters—where you place your units or move your hero can make or break your game plan. 2. **Dynamic Gameplay:** Cards are used not only for direct actions but also to influence the board, manipulate hexes, or summon units to specific terrains. This dual-layer strategy keeps every turn unpredictable. 3. **Replayability Galore:** Every match can feel different depending on your deck composition, the board layout, and your opponent’s strategies. The board game element adds another level of variability that traditional TCGs can lack. 4. **Immersive Lore:** With races like Dark Elves, Humans, Orcs, and unique entities tied to Magic, Chaos, and Light, these games often come with rich storytelling that enhances the overall experience. # Why We Need More of These Hybrids TCGs often lack the spatial and tactical layers that board games bring, while board games can sometimes miss the personalized, evolving feel of building your deck. Merging them gives us the **best of both worlds**. # Let’s Discuss * Would you play a game that combines TCG mechanics with board game strategy? * If you’ve tried games like this (or even Legends of Elysium), what’s your take? * What other hybrids would you love to see in the tabletop space? Looking forward to hearing your thoughts, ideas, and maybe even some recommendations for similar games! Let’s brainstorm the future of tabletop gaming. 😊",open_discussion,https://www.reddit.com/r/boardgames/comments/1hpp20v/what_about_a_fusion_of_boardgame_and_tcg/
"What are y'all's current favorite android ports? Looking for a new port to play on android. Open to any and all suggestions! Thanks in advance. I truly like all types of games; I am currently looking for more of a board driven game rather than card driven. I have loads of card games that I play frequently. Other than that, truly open to anything.",recommendation_request,https://www.reddit.com/r/boardgames/comments/1hpol66/what_are_yalls_current_favorite_android_ports/
About to jump in to Gloomhaven 1st Ed. at a great price... but should I get 2nd Ed. instead? What's up nerds? I'm completely unfamiliar with Gloomhaven and even after reading this thread (https://boardgamegeek.com/thread/3106441/gloomhaven-2nd-edition-is-it-for-you) I'm still feeling a bit undecided on 1st vs. 2nd edition. I was hoping a few of you with real game time could help point me in the right direction as I've only read about it. The deal is that I can get a brand new sealed copy of 1st edition for $90CAD. But I'm too unfamiliar with the game to know if that's the door crasher it seems to be vs. the price difference compared to 2nd edition. Got some insight for me?,recommendation_request,https://www.reddit.com/r/boardgames/comments/1hpnzpb/about_to_jump_in_to_gloomhaven_1st_ed_at_a_great/
"Games for organizing a private event So I love being the storyteller in Blood on the Clocktower. I have bought a costume and accessories to make it as thematic as possible. I just finished bachelors degree in event management and would love to organize events for bachelor parties, birthday parties, corporate events and other kind of private events. Blood on the Clocktower seems perfect for my needs. What other games would be perfect for this. Would be better if the game would include a role similar to the Storyteller where i could be a GM/DM, and could be played with a different group every time, with a good accessibility to any kind of player.",recommendation_request,https://www.reddit.com/r/boardgames/comments/1hpnt6j/games_for_organizing_a_private_event/
"Explain Concordia to me like I’m 5 I got Concordia for Christmas, and my SIL and BIL want to play it with my husband and I tomorrow evening. I have a young family so haven’t had a chance to check out the rules yet. I will obviously read through the rules when we play, but just wondering if any avid board gamers would be so kind to give an overview that might make it less confusing when we get round to it tomorrow",specific_help,https://www.reddit.com/r/boardgames/comments/1hpn1hi/explain_concordia_to_me_like_im_5/
"Is Boardgame Merchant trustworthy? I am from the Netherlands and am looking to order some root Expansions from Boardgame Merchant, but I've seen counterfeits going around (not per se at Boardgame Merchant) and would like to avoid those. So if there is anyone that that has ordered from this store before (doesn't have to specifically Root) could you tell me if it is trustworthy to order from?",specific_help,https://www.reddit.com/r/boardgames/comments/1hplzob/is_boardgame_merchant_trustworthy/
"Casual boardgames for 6 people hi, tomorrow I'll be heading to a house where i will spend some days for new years eve with some friends. I've always been the ""game guy"" though i dont have many. My friends mainly just played monopoly, risk and stuff like that. They like board games, we just aren't committed enough to make it a hobby. So, anyway. I was looking for a game to play with 6 players. They really love Citadels, so much that many bought it even though they dont play many board games, and hated the Game of Thrones risk-like game, and i wanted to bring something new. Something immediate but deep enough to be entertaining in the medium-long run, where agency of the player matters and where there is some sort of conflict between players. Personally, I loved Puerto Rico, but it lacks the dicrect PvP aspect. I was thinking about Catan+6 player expansion. Any other suggestion? Quick please, i dont have much time",recommendation_request,https://www.reddit.com/r/boardgames/comments/1hplnfb/casual_boardgames_for_6_people/
Intrested in flamme rouge I love watching cycling and thats why flamme rouge catched my eye. I know there is a racing version as well but car racing isnt at all my thing. Thats why im looking at flamme rouge instead of heat. I noticed that flamme rouge has a dutch version and only english expansions. Ive seen in a vid that carda are all textless so i assume the only translated thing is the rule book am i correct?,recommendation_request,https://www.reddit.com/r/boardgames/comments/1hplms4/intrested_in_flamme_rouge/
"Help me find this board game! Hello! I am looking for a board game I used to play when I was a child (late 90s-early 2000s). Basically everybody had this identical deck of cards with all sorts of pictures (not drawings, but stock photos), I am not sure about the gameplay, perhaps something similar to Dixit where a theme was given and players had to put on the table a set of cards from their deck??? I played this game in Italy, but I am pretty sure that it wasn’t an Italian game. Thanks!",specific_help,https://www.reddit.com/r/boardgames/comments/1hpkn7m/help_me_find_this_board_game/
"Getting Agricola All-In, where should I start? Everyone is talking about how good Agricola is, but I can never find a copy outside 15 Anniversary box. After checking the items in the box, people are complaining about the low quality of the cards and insert. Therefore I contacted my friend and got me a DIY version of the game, which have all expansions included with approx 1500 cards. Wondering which expansions are good for casual gameplay and which are not recommended to add into the game for not very competitive group.",specific_help,https://www.reddit.com/r/boardgames/comments/1hpjyb1/getting_agricola_allin_where_should_i_start/
"Looking for some advice with organising a competitive tournament I'm looking for some advice with organising a competitive dune imperium uprising tournament, would be great if someone who organised some events shared their experience. To make this a faster read I will post my main questions at the start and if anyone is interested I will explain my situation in detail after. 1) From board game shop owner/administrator perspective, what are the benefits they are getting from me organising the event using their venue/space, especially since the event won't be very big (10-20 people)? 2)Is there some sort of industry standard how tournament expenses and profit are shared between the organiser and the board game shop or venue? So for more details: I have been into board gaming for not too long, about a year. Currently I have a bit too much of free time and I thought I would try to organise an event for competitive board gaming. I don't have a lot of experience in event organising so I have quite a few doubts but I thinking I will try anyways. So I will try to explain how I imagine things could or should be and feel free to criticise my nativity or illogical thinking. I found dune imperium uprising to be perfect trifecta of it being one of my favourite games, being quite balanced and popular. Would use swiss format, I'm expecting 10-20 people to participate (almost pure speculation). Would try to make participation fee 10€, prizes would be 100€, 50€ and 25€ checks for the 1-3 places from the brand of the venue/shop, 4th and 5th place would get some nick nacks. Considering the expenses of the event I was thinking of covering everything up front with my money, I think the point of event would not be to min/max profit but to start building a community for competitive board gaming of sorts (of course some profit or expense covering would not hurt). Since I lack experience in working with events and planning them overall I am failing to see what would be the benefits for the shop/venue owner, if I could understand their point of view better maybe I could negotiate a deal where I would have a smaller risk of losing money(help with covering expenses/prizes). Sorry for making this post kind of a soup of different thoughts, kind of hard to make it organised since it feels like every answer just brings two more questions. Also, English is not my first language so sorry if you find some grammar mistakes. Thanks for reading the post, to anyone willing to share ideas or experience I thank in advance, hope you have a great day.",specific_help,https://www.reddit.com/r/boardgames/comments/1hpjvmx/looking_for_some_advice_with_organising_a/
"Quaks of Quedlinburg Expansion Hello, I play a lot of “The Quacks of Quedlinburg,” and I’m now considering getting one of the expansions. Which one would you recommend? Which is the better choice? I don’t want to get both. Many thanks for your help!",recommendation_request,https://www.reddit.com/r/boardgames/comments/1hpje6p/quaks_of_quedlinburg_expansion/
"name of picture explaining and drawing game There's a game that I played in Japan a while ago. One person has a picture and he has to explain the picture to other people who can't see the picture. The people listening to the explanation draws a picture based on what they hear on the paper provided by the card game container. There are points associated with the picture, but no one can see what gives points until after time runs out, and you unveil the points by using a red transparent card to see what gives points. For example, there was a picture of a worm and two apples. The worm has to be in front of the apple for one point, etc. I thought that game would be fun to play with people who are trying to work on speaking Japanese. Does anyone know the name of this game? Thank you!",specific_help,https://www.reddit.com/r/boardgames/comments/1hpiofr/name_of_picture_explaining_and_drawing_game/
Question on Deception MiHK and Mysterium Hi everyone I want to get either Deception: Murder in HongKong or Mysterium and I have never played them before. So here's my questions. Which games have higher replayability for the same group of people. Which games you have played and preferred? Or do you have a better suggestions for games similar to these? Thank you,recommendation_request,https://www.reddit.com/r/boardgames/comments/1hpifx4/question_on_deception_mihk_and_mysterium/
"Question for those who play Skull King. Consider the following scenarios : 1. The leading suit is purple , let's say a purple 10 has been played. I have a purple 8 and a black( jolly roger) 5 in my hand. I want to win. This trick. Am I allowed to play my black 5 ? 2. The leading suit was purple , let's say a purple 10 , and someone played a black 5 , trumping that. It is now my turn. I have a purple 8 and a black 10 in my hand. But I want to lose this trick. Am I allowed to play my purple 8 ? Thanks in advance !",specific_help,https://www.reddit.com/r/boardgames/comments/1hpi2wh/question_for_those_who_play_skull_king/
"How to make Root worth it if I don't have gamer friends? My brother just got me Root for my birthday, and it's making me really guilty... I must have tricked him into thinking that I have a rich and deep board gaming life, when I really just like admiring mechanics from afar and daydreaming about how I *would* play if I had anyone to join me. Alas, my friends are not the gaming type, or at least they don't have the dedication for a game like Root. We managed to play a quick game and get a grasp on the rules, and we both really liked it! Unfortunately, our holidays are ending really soon, and we won't be able to play a second round before going back to our respective cities and jobs. I want to keep getting more out of this gift, but don't know how: I live in a fairly small area and don't feel comfortable trying out the local board game community, and I don't think playing with my friends would be fun even if I *could* convince them just due to the level of the game. I saw that there's the Clockwork expansion to add ""bot"" elements, but I'm not exactly sure how that works, and I'd rather not buy more clutter if I can avoid it. Is there any way I can make this gift worthwhile until I can play it again at the next family holiday?",recommendation_request,https://www.reddit.com/r/boardgames/comments/1hph5re/how_to_make_root_worth_it_if_i_dont_have_gamer/
"ID - Classic Worker Placement Hello I am trying to recall a game I played many years ago - It has a very generic fantasy name I suspect. It was a classical euro worker placement game, I believe it went up to 5 players. The board was quite distinctive wth a castle up on the top right that you placed things on?. And it had stone and wooden resources at the bottom (using wooden pieces not tokens) at a river and lumber yard, I think there may have been another resource type? The game shifts through the 4 seasons ending with winter. It is not Everdell or Stone Age, though the art was more of a Stone Age style.",specific_help,https://www.reddit.com/r/boardgames/comments/1hph4bm/id_classic_worker_placement/
"What Did You Play This Week? - (December 30, 2024) Happy Monday, r/boardgames! It's time to hear what games everyone has been playing for the past ~7 days. Please feel free to share any insights, anecdotes, or thoughts that may have arisen during the course of play. Also, don't forget to comment and discuss other people's games too.",open_discussion,https://www.reddit.com/r/boardgames/comments/1hpgl4b/what_did_you_play_this_week_december_30_2024/
"Free Werewolf Card Game Hey everyone. I created my own version of werewolf for a group I was training at work. We played it a lot and had a lot of fun, so I thought I'd share it with other game enthusiasts, if you're into that sort of thing. You will need to print on A4 paper (Best to convert file to PDF to keep formatting). I glued the pages on black cardboard with crafting glue, then cut them out for durability. The images were created with Mid Journey. You will also find a game sheet to keep track of the game, and an instruction manual. Links to google docs included. Have fun. Cards: [https://docs.google.com/document/d/1LW2Ohrt4OtZtfu0CPfI1NKCJP4ujukZj3KPBcBj2u10/edit?usp=sharing](https://docs.google.com/document/d/1LW2Ohrt4OtZtfu0CPfI1NKCJP4ujukZj3KPBcBj2u10/edit?usp=sharing) Game Sheet: [https://docs.google.com/document/d/1RAoaS8pedwaZq3kH30n9Eu98rLZQ3miLDYaQycdlfMg/edit?usp=sharing](https://docs.google.com/document/d/1RAoaS8pedwaZq3kH30n9Eu98rLZQ3miLDYaQycdlfMg/edit?usp=sharing) Instructions: [https://docs.google.com/document/d/1E2tKmf3OdMEIyro671ZFQA8wwQHObBTcwsXUruAAuWM/edit?usp=sharing](https://docs.google.com/document/d/1E2tKmf3OdMEIyro671ZFQA8wwQHObBTcwsXUruAAuWM/edit?usp=sharing)",open_discussion,https://www.reddit.com/r/boardgames/comments/1hpg9zx/free_werewolf_card_game/
Help me find a board game I think was on kickstarter I remember seeing a board game that had rpg elements. I specifically remember it having an interesting book format where the pages were the different game boards. It had a whimsical vibe like fairies or anthro animals. Any ideas what this was?,specific_help,https://www.reddit.com/r/boardgames/comments/1hpft9x/help_me_find_a_board_game_i_think_was_on/
"Racing Games Compared Hi everyone, I'm interested to get some racing board game(s) and I've read about 4 games in particular that seem interesting but I wanted the opinions of the masses. *NOTE: I'm only interested in thematic motor racing games, so I'm not interested in Camel Up, Cubitos, Jamaica, etc. I'm also interested in gameplay focused on racing from a drivers perspective, so I'm not interested in Downforce or similar games. These games may be great, but I'm not looking for those types of games (not yet anyways). Please discuss your views of any of these following games you've played (e.g., complexity of rules, duration of play, level of fun, overall gut feeling, any other thoughts): 1. Heat: pedal to the metal 2. Rallyman GT 3. Formula D 4. Championship Formula Racing Thanks!",recommendation_request,https://www.reddit.com/r/boardgames/comments/1hp9jgy/racing_games_compared/
"Civ Building Game for a Geography Class? I will be teaching an introductory World Geography course at my university next semester and am planning on exploring various concepts using boardgames as a tool. So far I will be using PanAm, Atiwa, Pandemic, and Votes for Women. I really want to include a Civilization building game as well. Mosaic would be perfect if it wasn’t so darned big and expensive (I’ve convinced my library to buy copies as well as using my own) and ideally it should be playable by at least 4, explore concepts around human interaction with the land, include real places and civilizations, and be digestible by non-gamer undergrads. Thanks in advance for any and all suggestions!",recommendation_request,https://www.reddit.com/r/boardgames/comments/1hp80gh/civ_building_game_for_a_geography_class/
Winds of trade Hi Is there any boardgames like computer game Winds of trade ? where u need to smuggle gods around ?,recommendation_request,https://www.reddit.com/r/boardgames/comments/1hp7ih5/winds_of_trade/
"Clank Legacy 2 missing a card? We just opened our Clank Legacy 2 to start the first round, I am ‘The Ambitious’ and I am missing a starting stumble card! So my starting deck has 9 and for now I can just sub in an old stumble but they don’t have scratch offs. Anyone else had this missing card issues? Or dealt with getting missing parts from a kickstarter?",specific_help,https://www.reddit.com/r/boardgames/comments/1hp7cza/clank_legacy_2_missing_a_card/
"I (35F) don't feel welcome to game night anymore and I still think I didn't do anything wrong Hi everyone! This has been eating me up emotionally for a week now and I think this community is the only one that can understand how bummed I feel; I apologize in advance because Engliah isn't my first language so I hope I can explain the situation well. I joined a game night group about 6 months ago. They had already been playing for over a year prior. I entered the group because of a cousin (39M) of mine, let's call him Mike, invited me over to his place (game nights are always at his place) and everything was going fine until last week. Mike has ALWAYS been a very hard person to deal with, since we were kids. He's one of those people that will make a scene, doesn't care in front of whom he does it, and it could always be out of the blue and over the smallest and most trivial things. Last week, my sister was invited over and while we were playing, she was fidgeting with a collectible he appreciated a lot, and broke it. We spent about 5min trying to figure out if it was really broken or not, and in my opinion very rudely told my sister to replace it, I however didn't say anything about this to him. He made a scene out of it in front of everyone, who btw had met my sister for 30min prior tops. While they were talking, I grabbed the collectible again to see if it was fixable and he exploded on me saying I was trying to defend the undeffendable. I guess he thought I was trying to get my sister out of buying a new collectible maybe? Idk, that wasn't my intent anyways. He stood up and left his place leaving all of us there, saying we could stay playing at his place even while he was out. We kept on playing. After a while, he got back to his place and directly went to his room. Because I know him enough, I went over and tried apologizing as best as I could, even accepting some guilt about whatever he thinks I did, just to fix the situation out and stop it from ruining game nights in the future. He ""accepted"" my apology but didn't go back to playing until I left. So this is why I'm posting on this subreddit. I LOVE game nights, I LOVED finding a niche of people that were as passionate and eagered as me for game nights every week. Tbh this is my weekly escape from reality where I can stop thinking about everything else and just focus on playing and having a good time. I don't know what to do tho and I'm literally shattered, I really feel like a void right in the center of my chest. I feel like game nights are ruined for me since I feel like me showing up this week, will make things very uncomfortable for everyone, mainly me (and make game night not enjoyable, which is the idea in the first place). I don't know other people that I can play with in a weekly basis like that. I have a ton of games that will just sit there all dusty like they did before I started going to game nights. I feel really bummed... have any gone through this? What do you suggest me doing?",open_discussion,https://www.reddit.com/r/boardgames/comments/1hp6v86/i_35f_dont_feel_welcome_to_game_night_anymore_and/
"Confused about the rules - Imperial Settlers: Rise of the Empire Purchased the base game a couple of years ago and loved it. I only play solo, so I was looking for a way to make this game exciting again, and tried the free campaign mode provided on Portal's website last July. I loved the concept, and went ahead and bought Rise of the Empire a few months back. I only just got around to sit down and attempt to play it. Only while reading the Rise of the Empire's rule book, I got confused. I seem to remember that you should be rolling for events in the earlier free campaign mode that Portal had made public (https://portalgames.pl/files/rules/is\_campaign\_eng.pdf). Those events usually effect the game you would be currently playing, if i remember correctly. But in the Rise of the Empire, there is no mention of events whatsoever. In the RotE rule book it also mentions that ""all other normal Campaign and Solo rules remain"". Perhaps I'm missing something; I've always had trouble wrapping my head around game rules and learning new games, so any clarification would be greatly appreciated.",specific_help,https://www.reddit.com/r/boardgames/comments/1hp6d0k/confused_about_the_rules_imperial_settlers_rise/
"Stardew Valley printing difference? Hi, question about Stardew Valley prints. I'm planning to 3D print organisers for it, and Im mostly seeing .stl for the 1st/2nd printing and I have the 4th printing edition(just same as 3rd with better punches). Is there any dimension difference(box size, cards, boards) between 3rd printing and 2nd printing?",specific_help,https://www.reddit.com/r/boardgames/comments/1hp65qq/stardew_valley_printing_difference/
"Kid friendly game using Beyond the Sun pieces Hi all, my 7-year-old came up with her own cooperative game using the Beyond the Sun kit and we thought we'd pass it along for any families. We call it ""Dinosaur Chase"" and it's a lot of fun. The story is that portals open up in space letting dinosaurs out. Dinosaurs (use a round wooden piece with a gear on it or your own dino figurines) sit in the middle of the rectangles (use the main board). They can be removed by being surrounded with people, one at each corner, of any player's color (this is the most cooperative aspect). The object of the game is to remove all the dinos--you must remove them faster than they are placed. Person tokens only move on the lines and sit at intersections/corners. Each player uses a different color set and starts with one person token (use a round wooden piece with a star on it), randomly placed. You also start with one dino on the board, randomly placed. At each turn, a player rolls one of the little cubes as a die. Numbers 1-4 are the number of total moves your person/people can take. (I'll explain that in the next paragraph.) The person icon gives you another person token to populate the board. The trunk icon means a portal has opened up and places another dinosaur on the board. Person tokens and dinos are placed randomly by throwing with eyes closed or, more strategically, you can aim your throws. If you roll a person or a portal, you can have a second roll to get moves, but if you roll a second person/portal it doesn't count. To move person tokens: They slide along the white lines, which we call intergalactic space tubes. Each segment requires one move. In other words, to get around a rectangle, you need four moves. (We get a little easygoing about sliding across the long lines especially once you have dinos all over the board.) *Modifications*: We allow players to give unused moves to the next player. If you are in a jam, you can also let a 4 roll give you a new player. You can place more than one dino within a rectangle and they can still be removed by one person at each corner, no extra power required. For very little kids, you could use the small Deep Space board so you have fewer rectangles to deal with. You can modify the rules to suit your kids! Hope some folks here enjoy this!",open_discussion,https://www.reddit.com/r/boardgames/comments/1hp5piq/kid_friendly_game_using_beyond_the_sun_pieces/
"Dice Throne Adventures Question Hi all, I have the original Dice Throne Season One box and the Dice Throne Season Two chest. I want to pick up Dice Throne Adventures - what do I need other than that? Is it necessary to get more than Treant/Ninja from Season One Rerolled? Should I get the other characters Rerolled versions? Is there anything else I'm missing? Thanks!",specific_help,https://www.reddit.com/r/boardgames/comments/1hp4lju/dice_throne_adventures_question/
"Question about fire cards in Fire Tower I've been playing Fire Tower recently and having a lot of fun with it. However, I have a question about how fire cards are used. Can you play a fire card in a way that some of the fire gems end up off the board? The last couple times I've played, my tower was destroyed as a result of someone playing a burning snag card and placing it in a way that only put 2-3 fire gems on the board, which was the only way they could have eliminated me with the card. Is this move legal? I know that if you place a burning snag or flare up card in a way that it parrially overlaps a fire break that fire gems won't be placed on the fire breaks, but is this different?",specific_help,https://www.reddit.com/r/boardgames/comments/1hp4hvi/question_about_fire_cards_in_fire_tower/
"Any games similar to the old Buzz games on PS2 Just tried ‘Outsmarted’ and really disappointed, didn’t think it was a good family game when it’s really just single people or a single team answering questions. Does anyone know of one where multiple players can play, all answering the same questions, like the old Buzz games that came with the buzz controllers on PlayStation 2? Something more modern where perhaps a phone or tablet is used to select your answer?",recommendation_request,https://www.reddit.com/r/boardgames/comments/1hp4bu5/any_games_similar_to_the_old_buzz_games_on_ps2/
"CMON using QR codes to fight counterfeiters? Got my copy of Death May Die S3 and S4. After opening a box, I realized there was a printed sheet over the back cover of the box. It looked really similar and the only difference (for the most part) is this QR code: https://imgur.com/a/oCxPu28 I wonder if they are doing this to fight counterfeiters.",open_discussion,https://www.reddit.com/r/boardgames/comments/1hp44jk/cmon_using_qr_codes_to_fight_counterfeiters/
"Hanabi Deluxe (Tile Game) location? I have recently been incredibly invested in Hanabi, and I wanted to see if there were any places in CT (or other states which offer shipping) that might have a copy of the tile game? Since Hanabi Deluxe is no longer made, any information would be greatly appreciated!",recommendation_request,https://www.reddit.com/r/boardgames/comments/1hp40rw/hanabi_deluxe_tile_game_location/
"Any FLGS that ship, but don't have an e-commerce website? Sounds odd, but hear me out. I was looking for a board game item and posted about it in another channel. Someone directed me to a website for their FLGS. There was no way to look at inventory or purchase online. I called them up and asked if they shipped. Sure enough, they did, and had what I was looking for. I hadn't even thought about this kind of thing. Does anyone have a favorite FLGS that doesn't have an e-commerce presence but does ship? TIA!",recommendation_request,https://www.reddit.com/r/boardgames/comments/1hp3p99/any_flgs_that_ship_but_dont_have_an_ecommerce/
"House rule ideas for Abducktion... I received the game Abducktion for X-mas this year, and after playing it with some cousins, we already love it. Nonetheless, I still think there's 1 or 2 minor flaws with the game that could use some house rule fixing. The main one pertains to the endgame. Towards the end of the game when there's fewer than 3 formation cards left, it's highly likely that at least one player will be mathematically eliminated from winning, resulting in a sort of de facto player elimination system. The other minor flaw is that sometimes a player's turn might begin with them already having a pattern of ducks matching one of the formation cards on the board, but this isn't that big of a deal because it's possible for other players to prevent it by sabotaging your board. Anyway, one recent idea for a house rule I've had is to make it possible to ""steal"" a formation card from another player if you can form a certain pattern on one of their formation cards. The game would still end as soon as all of the formation cards have been claimed, but I think this idea would address the player elimination issue during the endgame, since a player would be able to steal some points before the final card is claimed. What do you all think of this idea, and do you have any other ideas for house rules that make Abducktion even more fun than it already is?",recommendation_request,https://www.reddit.com/r/boardgames/comments/1hp328x/house_rule_ideas_for_abducktion/
"Single Player Board Game Options? Hey Everyone! Does anyone know of any good single player board game options that can be played as multiplayer as well? I really got into Dicethrone and Wingspan. I enjoyed Bloodborne and Resident Evil 2 as well, and I have backed Nature on kickstarter. Was hoping for any other recommendations that may fit into the same style of gameplay as a single player game. I was also doing some research on Puerto Rico 1897 and Sleeping Gods but was hoping for some feedback on them as well. Thank you in advance!",recommendation_request,https://www.reddit.com/r/boardgames/comments/1hp1ain/single_player_board_game_options/
Clank fake I received clank! As a gift a while ago and recently I got the adventuring party expansion. But I just realized I think my clank might be a fake because compared to the new cards they're smaller and lower quality. Is there anyway to buy the cards?,specific_help,https://www.reddit.com/r/boardgames/comments/1hp0bi1/clank_fake/
"SkyTeam Question So, we have this since yesterday and I'm loving the flair. However, we are unsure about the ordrr of two things. Forgive me please for the lack of proper terms, but we have a country-specific non-English version, so I'm trying to translate. So... When the part with the dice is done, and you need to make things happen, how do you decide in what order the ""phone calls"" and the ""move the plane"" happen. Like, is it in the order we want, or does one always happen before the other? Can't seem to find the ruling. Could you help me? This obviously is important to see whether you crash into the planes on your route (left). Thank you all for assisting me!",specific_help,https://www.reddit.com/r/boardgames/comments/1hp0atf/skyteam_question/
"Searching for an Egypt themed dice placement game I played this game years ago and enjoyed it, but can’t seem to find it anywhere. From what I remember, it was a multiplayer game and the theme was centered around building Egyptian pyramids. Mechanically you rolled six sided dice and placed them on your player board to trigger actions. I seem to recall that pairs and other dice combinations were more effective and I think there was also a resource gathering element as well but I can’t remember. Gameplay was centered around upgrading your board in a tableau/engine builder style to add more dice, increase the value of the dice, make combos more consistent, etc; while simultaneously building your pyramid(s). What’s worse is the friend I played with has no memory of this game so it all might be a fever dream. Thanks in advance for helping me find this game, it’s been bugging me for ages.",specific_help,https://www.reddit.com/r/boardgames/comments/1hp02m9/searching_for_an_egypt_themed_dice_placement_game/
"What are your favourite 2v2 board games? We just finished our first ever play of The Castles of Burgundy with the team variant and we had a lot of fun with it. We enjoyed the coopetition aspect of working with one person but against the others. This got me thinking that in my board game collection, I don’t have (or know of) very many team vs team games that aren’t of the party variety. Looking for some suggestions of your guy’s faves that I can check out. Thanks!",recommendation_request,https://www.reddit.com/r/boardgames/comments/1hozj0d/what_are_your_favourite_2v2_board_games/
"New to Coop games, need recommendations. Hey guys I just started getting into boardgames, i have few that i enjoy with my friends (Clank, Root, unmatched). But i want something that i can play with my wife (coop). I’m looking for something that needs real strategy / decision making and have a challenge (not basic games that can be easily won), also something repayable. I’m usually more excited for games games that have a board with characters and things to discover while playing, although i do wanna try other games. I’ve been eyeing these few games: - Gloomhaven: Jaws of the lion - Cthulhu: Death may die - Back to the future: back in time - The witcher: old world (Reviews are mid) - Horizons of spirit island - Aeon’s End - Pandemic: Fall of Rome - Harry Potter: Hogwarts Battle - Horrified please I need your opinions and other recommendations.",recommendation_request,https://www.reddit.com/r/boardgames/comments/1hoxyw6/new_to_coop_games_need_recommendations/
"Pandemic Legacy S2 Question (spoilers for doors Z & 26) Our team finally finished Season 2, and scored much better than we expected (-:, and immediately set about Scracthing all unscratched cards and opening all unopened doors. And now we have a mystery, when should we have opened doors Z and 26? Behind the door are a picture of a haven, and door Z says ""A New Hope! Haven Leadership Summit 4"" while door 26 says ""All Together! Haven Leadership Summit 14"". We couldn't find any unscratched cards that refers to these two doors, so we were wondering what they were for and whether we missed something. We were behid on reconning a couple of areas, so that could have been it? Many thanks for any knowledge anyone can share on this. Unrelatedly, we will be starting Season 0 here in January \^\_\^",specific_help,https://www.reddit.com/r/boardgames/comments/1hoxuyc/pandemic_legacy_s2_question_spoilers_for_doors_z/
"Recommendations into other genres when I only play dungeon crawlers I’m after board game recommendations to venture out of my usual genre. I seem to have only bought dungeon crawlers when it comes to board games (Tiny Epic Dungeon, One Deck, Bag of dungeon 2, Rogue Dungeon). To give you other ideas of games I like: For card games, I like Gin Rummy, Revolver Noir and Dominion. For video gaming, I range from Battle Chasers, Slay the Spire, Borderlands, Doom, that type of gist. I love a loot and shoot and character building. Do you recommend any board games you think I would like that, that’s not a dungeon crawler 😄",recommendation_request,https://www.reddit.com/r/boardgames/comments/1hoxkix/recommendations_into_other_genres_when_i_only/
What 5 games did you play recently that got you excited? I didn’t play much in December but would like a mention for some of those titles played. 1. Unconscious mind 2. Bruges 3. Life of the Amazonia 4. The path seekers 5. Sleeping god: Distant Skies,open_discussion,https://www.reddit.com/r/boardgames/comments/1howmkf/what_5_games_did_you_play_recently_that_got_you/
Small world and small world underground combo box? Was wondering if they sold a box that contained both games in one box I'm laning to get both ayway but if they have a box that has both would be great,specific_help,https://www.reddit.com/r/boardgames/comments/1howf2r/small_world_and_small_world_underground_combo_box/
"Favourite Ankh's God Hello to everyone; Last week I played Ankh and I really enjoyed it! I backed the kickstarter back in 2020, and own the full god set. There are a **lot** of them, and I was wondering which god to play next based on this post feedback. I have played with Anubis and Ra and preffered Ra over Anubis tbh. Which one do you find more entertaining? Also, are the different gods balanced? Sometimes it seemed to me like Anubis was a bit too OP¿? https://preview.redd.it/ivoijcriks9e1.jpg?width=2048&format=pjpg&auto=webp&s=585a8b4079582ce7fa7889df4121ecbe5d16ac72",open_discussion,https://www.reddit.com/r/boardgames/comments/1howa2i/favourite_ankhs_god/
"What Kickstarter are you most excited about right now and how do you keep up on new campaigns? It seems the KS roundup is broken. Sorry if I missed something obvious. I’m new to kickstarters but I’ve found several that I wished I had known about (Harvest being top of my list right now). How do you keep up on kickstarters, specifically to learn about games that fit your tastes and those that have a good track record? I know it’s always a bit of a gamble but I feel like I’m the last one to know about a great kickstarter. 😅 My favorite so far has been [[Creature Comforts]]. Thanks for any info or suggestions!",recommendation_request,https://www.reddit.com/r/boardgames/comments/1hovsxb/what_kickstarter_are_you_most_excited_about_right/
"Wingspan doomed to gather dust? I got given Wingspan for Christmas and was really excited about it. It's very pretty, seems novel and interesting, features one of my main interests (wildlife), and apparently got rave reviews from the people at the board game shop. I spent some time working out the rules from the booklet (incomprehensible), videos (more helpful), and videogame tutorial (pretty useful but different enough from the IRL game to leave me questioning whether I actually had a handle on it). I lost the tutorial game but felt ready to tackle Automa mode with the hard copy. I played that through, ran the scoring and got 73. I counted the Automa's points and it got... 73 as well. The booklet said to assume it had 2 food tokens in the event of a tie, but I also had 2 food tokens. The only thing that would break the tie is the end-of-round goal scoring in round 3 for the 'birds in forest habitat' goal: the Automa scored 1 point and came in 3rd place. I got 4 birds in forest. If I put myself in 2nd, my total was 73. If I put myself in 1st, it was 76, and I won, but it didn't seem like I should be allowed to do that. It was such an anticlimax, and kind of embarrassing, to *not know whether I tied in solo mode*. My housemates - who, like me, are fairly casual board gamers - have watched me fret and struggle over this thing trying to work it out. Maybe it's more fun to play with other people than lose against an AI or tie (?) with random chance... but I fear that no one will want to play with me now because it looks so complicated and took me so long to figure out. I'm kind of crushed, tbh. I know it was bought with love and thoughtful consideration of things I love, so I really want to *get* it, but I'm yet to have any fun playing it after several hours of learning and testing, and I'm losing the motivation to keep trying. What are your experiences with this game? What's the magic of it? Why does everyone seem to love it? And how can I persuade anyone to play with me now? They already refuse to play word games with me because I'm pretty good at those. For reference: strategy games are not my forte. I've scraped a win in Catan once or twice but I always come dead fucking last in Ticket to Ride.",recommendation_request,https://www.reddit.com/r/boardgames/comments/1hovir3/wingspan_doomed_to_gather_dust/
"Can’t find the game. Help! Hello Everyone! I am looking for a cardgame. When I was little have that game, but i forgot the name, so please if you know what is that game tell me. So it was a cardgame. It came with an orangebox, inside the orange box there was a grey plastic card holder what you can open. The game: you need to collect 21. You have 5 lifes. There are five little life indicator, you can push down the figures if you lost one life. The life indicators has different colours : blue, green, puprle, yellow and maybe orange. Innthe box you can find cards with numbers on it and some skull cards. If you know the game please tell me!",specific_help,https://www.reddit.com/r/boardgames/comments/1hovd9l/cant_find_the_game_help/
"Arcs prelude rule Morning all. So in Arcs, let's say I lead with a 3 pip card that lets me tax and then I use a resource in my prelude that gives me a move action. Does that mean: a) I can use one of my three pips to move INSTEAD of tax or b) I can use my 3 pips to for tax actions, IN ADDITION to a move action",specific_help,https://www.reddit.com/r/boardgames/comments/1hov2ne/arcs_prelude_rule/
"Root - Woodland Alliance explanation? Hi, we recently bought Root and gave it a try 2 days ago which ended in a bit of a disaster. Since then I have been wracking my brains about the woodland alliance and how it actually works because the instructions aren't very clear and it feels like the Woodland Alliance is at a disadvantage throughout the game. The people I was playing with also were struggling to understand so I'm thankful it's not just me (a collective brain loss perhaps). To emphasise my point, I want to put across a worst case example that hopefully will help people understand where I am having trouble. If I have misinterpreted the situation please let me know as this may be where I am coming unstuck. >Woodland Alliance starts with nothing on the board >Birdsong: There is no sympathy at this stage so you cannot revolt. Spread your first sympathy, perhaps more. >Daylight: Craft if you have anything, or add a card to the supporters stack. You cannot train anybody because you don't have a base. >Evening: there are no military operations to be had. Draw card. End turn. (At this point, other players have already started racking up VP's) >Okay, second turn. Oh, I dont have the cards to revolt (perhaps, by spreading too much sympathy in the first turn and then not having matching supporters to stage a revolt). I can't help but feel that if the Woodland Alliance screws up their first two turns it is quite difficult to actually get back into the game if their card pulls aren't really in their favour and the other players are keeping their distance from sympathetic clearings. Revolts would be low reward if the other players are keeping their distance, and bases would be placed too far away from the action. In my example, the Marquis and Eyrie were more interested in keeping the other at bay so avoided my sympathetic clearings as best as they could. Does any of this make sense? I feel like I'm overexplaining but I can't make sense of how the Woodland Alliance is able to turn the tide without revolting on some very specific spots with large gatherings. Thank you in advance! (I will probably post again because I have lots of questions)",specific_help,https://www.reddit.com/r/boardgames/comments/1houdnb/root_woodland_alliance_explanation/
Board games with glass-making theme Hi everyone! I'm pretty curious to try Uwe's Black Forest and I'm wondering if there might be other Glass-Making themed games worth considering? Any suggestions would be much appreciated!,recommendation_request,https://www.reddit.com/r/boardgames/comments/1hou9ol/board_games_with_glassmaking_theme/
Anyone else like board games but not particularly great at them? I have 3 or 4 people I play with pretty regularly. Only one of them I can beat around 50% of the time. The other 3 win most of the time but they are beatable. I maybe lose at least 75% of the time depending on the game. It doesn’t put me off or anything and there’s some games out there I’ll be better at than others. It would be nice to be better but also I enjoy the challenge and I’d probably get more bored if I won 100% of games against people with ease. I don’t know how these people rank against others but some of them are seasoned gamers so I’d imagine they’re pretty good among the gaming population. I was more of a casual gamer up until about a year ago not taking too much of an active interest but occasionally playing the odd game with a friend. Since I’ve been doing weekly boardgamearena sessions I’ve been a lot more heavily invested and I’ve managed to get a friend interested in them too. I am considering ways of expanding my gaming circle but no luck so far,open_discussion,https://www.reddit.com/r/boardgames/comments/1hosqo0/anyone_else_like_board_games_but_not_particularly/
"Lords of Waterdeep or Concordia? Needing a new game for my collection. I posted a few hours ago and based on responses, I’m now thinking one of these 2. I like the idea that you can inadvertently help others by building communal structures. Adds another layer. Thoughts between these 2 games? They also have Faiyum on sale at my local store, but have been reading on here that it’s just a crappy version of Concordia (thoughts on that?) Looking for a game under 2.5 hours without a zillion pieces that’s not too long to set up and explain. It has to have interaction with other players to elicit at least “you bastard” type of responses from friends.",recommendation_request,https://www.reddit.com/r/boardgames/comments/1hosq7f/lords_of_waterdeep_or_concordia/
"Exit Adventskalender is amazing I would love to connect with people that also think that this is board game is one of the highlights of the Christmas season! Das Intergalaktische Wettrennen is so incredibly well put together. The puzzles are very clever and I love them. Well done. PS. I know it’s not “German” to simply praise something, but you may try once to just enjoy yourself. ;)",open_discussion,https://www.reddit.com/r/boardgames/comments/1horsei/exit_adventskalender_is_amazing/
"Weekly Crowdfunding Roundup: December 29, 2024 | 8 ending soon (""Not Enough Mana: Spellsmiths & Summoners"") & 7 new ## What is this? This is a weekly roundup of board game crowdfunding projects, featuring new launches from the past week and campaigns ending in the coming week. The information is sourced from Kickstarter, Gamefound, and Backerkit. The list is curated through a combination of automated data collection and manual review, so occasional errors or omissions may occur. If you notice a missing project, feel free to mention it in the comments. Only projects meeting the selection criteria outlined below are included. ## Other channels Other than Reddit, you can also find this list on the following platforms: - [Google Docs](https://docs.google.com/document/d/1zpGDz1ktxrKxxSJ0V5tXgScTWw18fdhSx37z18UxuuM) - [Mastodon](https://mastodon.social/@danielpervan) - [Bluesky](https://bsky.app/profile/danielpervan.bsky.social) ## Selection Criteria Projects must meet the following conditions to be included: 1. **Timing:** The project was either launched in the last week or will end in the coming week. 2. **Relevance:** The project is directly related to board games. - Excludes: Accessories not strongly related to board games, furniture, RPGs (e.g., D&D, Pathfinder), video games, STLs, painting tools, events, podcasts, and magazines. - Exception: Projects offering promos or similar content for board games are eligible. 3. **Backers:** The project is expected to reach at least 100 backers by the end of the campaign. 4. **Funding Status:** - The project is expected to reach at least 90% of its funding goal. - The project has already achieved at least 20% of its funding goal. In addition to the main lists, I include a separate section for noteworthy projects that don’t strictly qualify as board games. These projects are included based on a single criterion: **1. Backers:** The project currently has more than 1,000 backers. ## Crowdfunding is not a store Crowdfunding is not a guarantee. Projects may face delays, incur additional shipping costs, or fail to deliver entirely. Creators are not obligated to fulfill their promises. While many excellent games are funded this way, the risks are real—only back projects with money you can afford to lose. Be wary of creators who use [FoMO](https://en.wikipedia.org/wiki/Fear_of_missing_out) (Fear of Missing Out) tactics to drive pledges. Don’t let the pressure get to you. If you miss a campaign, there will always be others. There's no shortage of excellent board games to enjoy. ## Tags Each project is tagged with one or more of the following categories: - 🌱 Creator's First Project - 🌳 Creator with more than 5 projects - 🌟 Featured Project (e.g. Kickstarter ""Staff Pick"") - 💰 Fully funded - 🔥 More than 200 daily backers - 🤝 Offers refunds (e.g. [Stable Pledge](https://help.gamefound.com/article/250-what-is-stable-pledge)) --- ## Ending Soon (8) | Name | Description | Backers | Pledged | Ends | Information | Tags | BGG | |---|---|:---:|:---:|:---:|:---:|:---:|:---:| | [↯ Not Enough Mana: Spellsmiths & Summoners ↯](https://www.kickstarter.com/projects/palew/not-enough-mana-spellsmiths-and-summoners) | An expansion for the hit ""potion"" drinking party card game, Not Enough Mana. Featuring brand new hero cards, summon spells and more! | 2,635 | €140.5k (1404.5%) in 28 days | 2024-12-31 | 💸 Kickstarter [👤 Paweł Piskors…](https://www.kickstarter.com/profile/palew/created) | 🌟💰 | | [Small-Time Heroes \[Solo Game of the Month\]](https://gamefound.com/projects/gabe-barrett/small-time-heroes-solo-game-of-the-month) | In this rogue like deck builder, inspired by Slay The Spire, you take on the role of one of the Small-Time Heroes and work together to defend their town. With each battle, you’ll build up your deck, choosing from a variety of cards that represent your hero’s unique abilities. As your power builds, y… | 1,422 | $53.8k (1077%) in 12 days | 2025-01-03 | 💸 Gamefound [👤 Gabe‑Barrett](https://gamefound.com/en/creators/gabe-barrett) 👥 1‑3 👶 10+ ⏱️ 30‑90min 🃏 Card Game 🤝 Cooperative | 🌳💰 | [BGG](https://boardgamegeek.com/boardgame/389226/small-time-heroes ""Small-Time Heroes"") | | [Salami / Sifflard](https://gamefound.com/projects/arkada-studio/salami) | Sifflard is a hybrid party game where hungry adventurers sneak slices of salami without getting caught by the tavern keeper! | 224 | €11.4k (114.2%) in 17 days | 2025-01-02 | 💸 Gamefound [👤 Arkada Studio](https://gamefound.com/en/creators/arkada-studio) 👥 3‑6 👶 8+ ⏱️ 15‑60min 🎉 Party Game | 💰 | [BGG](https://boardgamegeek.com/boardgame/432796/salami ""Salami"") | | [Operation Barbarossa: A WW2 Roll & Write Game](https://www.kickstarter.com/projects/105281170/operation-barbarossa-a-ww2-roll-and-write-game) | A Solo PNP Wargame of the 1941 German Invasion of the Soviet Union | 203 | CA$1.8k (3652%) in 11 days | 2024-12-31 | 💸 Kickstarter [👤 Solo Wargame](https://www.kickstarter.com/profile/105281170/created) 👥 1 👶 14+ ⏱️ 20‑30min | 💰 | [BGG](https://boardgamegeek.com/boardgame/435009/operation-barbarossa-a-ww2-roll-and-write-game ""Operation Barbarossa: A WW2 Roll & Write Game"") | | [Catharsis: Holidays - Christmas and Easter - Board Game](https://www.kickstarter.com/projects/cyberwizardgames/catharsis-sagas-christmas-and-easter-solo-and-coop-board-game) | The Ice Elves beseech mortals to aid in defeating a lich, crafted by a deranged wizard in ancient times known as Santa to spread joy. | 136 | $11.3k (205.4%) in 12 days | 2024-12-31 | 💸 Kickstarter [👤 Cyber Wizard …](https://www.kickstarter.com/profile/cyberwizardgames/created) | 💰 | | [Alhambra Family & Friends](https://www.kickstarter.com/projects/mogli-distribution/alhambra-family-and-friends) | Experience Alhambra in this new compact edition including the basic game + 4 expansions! | 105 | €7.6k (379%) in 10 days | 2024-12-30 | 💸 Kickstarter [👤 Mogli Distrib…](https://www.kickstarter.com/profile/mogli-distribution/created) 👥 2‑6 👶 8+ ⏱️ 45‑60min | 💰 | [BGG](https://boardgamegeek.com/boardgame/433587/alhambra-family-and-friends-compact-edition ""Alhambra: Family & Friends Compact Edition"") | | [Cathedroll](https://www.kickstarter.com/projects/989301633/cathedroll) | Create the tallest stained glass for cathedral in this roll and write, print and play board game. | 87 | €910 (910%) in 12 days | 2025-01-01 | 💸 Kickstarter [👤 LizardKing](https://www.kickstarter.com/profile/989301633/created) 👥 1‑99 👶 8+ ⏱️ 20‑30min | 🌳💰 | [BGG](https://boardgamegeek.com/boardgame/435289/cathedroll ""Cathedroll"") | | [【拡張】「ガチャとメダルとマジカルガール・DLC」制作プロジェクト](https://www.kickstarter.com/projects/usagame/dlc) | ボードゲームガチャとメダルとマジカルガールの拡張セット「Dangerous Legendary Chests」の制作プロジェクトです！ | 84 | ¥1M (148.5%) in 23 days | 2025-01-04 | 💸 Kickstarter [👤 USAGAME@Rainb…](https://www.kickstarter.com/profile/usagame/created) | 💰 | ## New Projects (7) | Name | Description | Backers | Pledged | Ends | Information | Tags | BGG | |---|---|:---:|:---:|:---:|:---:|:---:|:---:| | [Warfighter Battlepack #4](https://www.kickstarter.com/projects/danverssengames/warfighter-battlepack-4) | New Warfighter Expansions for WWII, Modern, Vietnam, and Fantasy Era's! | 203 | $21.2k (424.4%) in 5 days | 2025-01-16 | 💸 Kickstarter [👤 Dan Verssen G…](https://www.kickstarter.com/profile/danverssengames/created) | 🌳💰 | | [Sky Totems/スカイトーテム](https://www.kickstarter.com/projects/mirror-house/sky-totems) | 台座を積み重ね、トーテムを頂上に置き、祭壇を作り上げる 1時間ほどの立体箱庭戦略ゲーム An hour-long three-dimensional boxyard strategy game. Start at 12/28. | 43 | ¥525.7k (175.2%) in 1 day | 2025-01-12 | 💸 Kickstarter [👤 ミラーハウス Mirror…](https://www.kickstarter.com/profile/mirror-house/created) | 🌱💰 | | [Bare Bones: The Dice Game that Thinks it's a Card Game](https://www.kickstarter.com/projects/westcoastbiasgames/bare-bones-the-dice-game-that-thinks-its-a-card-game) | A deck building and dice drafting game that combines minimalist art with novel gameplay mechanics and endless replay. | 33 | $5.4k (31.1%) in 5 days | 2025-01-24 | 💸 Kickstarter [👤 West Coast Bi…](https://www.kickstarter.com/profile/westcoastbiasgames/created) | 🌱 | | [Lurking Below Deck](https://www.kickstarter.com/projects/fauxcoppergames/lurking-below-deck) | Help and hurt your friends in this fast-paced, stress building, strategy card game. | 32 | $2.6k (25.7%) in 7 days | 2025-01-21 | 💸 Kickstarter [👤 Faux Copper G…](https://www.kickstarter.com/profile/fauxcoppergames/created) | 🌱 | | [Immortal Seed](https://www.kickstarter.com/projects/1917867079/immortal-seed) | Area Control Card Battler \(Sci-fi / Horror\) | 22 | $1.7k (57.6%) in 8 days | 2025-02-20 | 💸 Kickstarter [👤 Logan Gendron](https://www.kickstarter.com/profile/1917867079/created) 👥 2‑6 👶 14+ ⏱️ 30‑60min | 🌳 | [BGG](https://boardgamegeek.com/boardgame/429515/immortal ""Immortal"") | | [Spy Network: A Game of Espionage, Deduction, and Deception](https://www.kickstarter.com/projects/1956764397/spy-network-a-game-of-espionage-deduction-and-deception) | Can you outwit the analysts and complete your secret mission? A scientific game based on statistical models, designed for everyone. | 8 | €219 (182.5%) in 1 day | 2025-01-18 | 💸 Kickstarter [👤 Game Design](https://www.kickstarter.com/profile/1956764397/created) | 🌱💰 | | [Lucky Fortune Dice](https://www.kickstarter.com/projects/scattergames/lucky-fortune-dice) | Featuring a Unique 'Fortune' Twist for the Chinese New Year | 8 | SGD 736 (147.2%) in 1 day | 2025-01-27 | 💸 Kickstarter [👤 Scatter Games](https://www.kickstarter.com/profile/scattergames/created) 👥 2‑6 👶 8+ ⏱️ 25min | 🌳💰 | [BGG](https://boardgamegeek.com/boardgame/406857/lucky ""Lucky"") | ## Noteworthy filtered projects (10) | Name | Description | Backers | Pledged | Ends | Information | Tags | |---|---|:---:|:---:|:---:|:---:|:---:| | [Cardyhedron – Portable Metal Spin-Dial Polyhedral Dice](https://www.kickstarter.com/projects/smokycreation/cardyhedron) | A sleek, metal card with spin dials for d4 to d20. Minimalist, portable, and durable – carry a full polyhedral dice set in your pocket! | 5,738 | $259.8k (6494.6%) in 31 days | 2025-01-01 | 💸 Kickstarter [👤 SmokyCreation](https://www.kickstarter.com/profile/smokycreation/created) | 🌳💰 | | [Ascendice 2: Levitating Dice for D&D](https://www.kickstarter.com/projects/theshopofmanythings/ascendice-2-levitating-dice-for-dandd) | The next-generation ultimate D20, crafted to elevate your game, enchant your rolls, and serve as a stunning display piece. | 1,945 | £335.7k (3357.5%) in 30 days | 2025-01-09 | 💸 Kickstarter [👤 The Shop of M…](https://www.kickstarter.com/profile/theshopofmanythings/created) | 💰 | | [Korg &#124; Scars of Silvos](https://www.kickstarter.com/projects/5emonstercards/korg-scars-of-silvos) | A quick and easy Solo adventure game. Travel the world, delve dungeons, complete quests, and retire a hero! | 603 | $16.6k (166.5%) in 16 days | 2025-01-01 | 💸 Kickstarter [👤 Caleb Engelke](https://www.kickstarter.com/profile/5emonstercards/created) | 🌳💰 | | [Man vs Meeple Season 5 - The MvM 10](https://gamefound.com/projects/mvm/man-vs--meeple-season-5---the-mvm-10-2024) | Season 5 for MvM is a whole new approach! It reflects the kinds of things you've told us you want - great promos, simplified choices, and fast delivery. Support us however you want. We appreciate you helping however you can. | 376 | $15.7k (156.6%) in 30 days | **⚠️ 2024-12-29** | 💸 Gamefound [👤 MvM](https://gamefound.com/en/creators/mvm) 👥 1‑99 | 💰 | | [Draconic Legends: The Archdrake](https://www.kickstarter.com/projects/dragontrapperslodge/draconic-legends-the-archdrake) | Unleash the King of Dragons - A Model Collection Fit for Legends | 207 | $9.4k (187.6%) in 19 days | 2024-12-30 | 💸 Kickstarter [👤 The Dragon Tr…](https://www.kickstarter.com/profile/dragontrapperslodge/created) | 🌱💰 | | [Swords of the Two Barred Cross](https://www.kickstarter.com/projects/studiohistoria/swords-of-the-two-barred-cross) | Slovak Forces from 1939-1945 | 124 | $11.9k (396.2%) in 9 days | 2025-01-05 | 💸 Kickstarter [👤 Studio Histor…](https://www.kickstarter.com/profile/studiohistoria/created) | 🌳💰 | | [Gronch's Great Giftmas Heist: A Festive One Shot! \($1\)](https://www.kickstarter.com/projects/kiancollectives/gronchs-great-giftmas-heist-a-festive-one-shot-1) | Everything is ruined! The lights and cheer are lost. Can you rally spirits, melt hearts, and save Giftmas before it's too late? | 115 | $601 (400.7%) in 13 days | 2025-01-02 | 💸 Kickstarter [👤 Kian Collecti…](https://www.kickstarter.com/profile/kiancollectives/created) | 💰 | | [Charlie Foxtrot for Savage Worlds](https://www.kickstarter.com/projects/23c/charlie-foxtrot-for-savage-worlds) | Six standalone sci-fi adventures for Savage Worlds set in the Battlelords Universe | 103 | $5.2k (522.5%) in 33 days | 2025-01-01 | 💸 Kickstarter [👤 23rd Century …](https://www.kickstarter.com/profile/23c/created) | 🌳💰 | | [In Light of Shadows](https://www.kickstarter.com/projects/1845784016/in-light-of-shadows-0) | Step into the post-apocalyptic world of In Light of Shadows, a thrilling TCG where four factions vie for supremacy. | 100 | $63.4k (211.5%) in 30 days | 2025-01-03 | 💸 Kickstarter [👤 In Light of S…](https://www.kickstarter.com/profile/1845784016/created) | 💰 | | [CrewCase & CaseBowl - Printable Case for teams and warbands.](https://www.kickstarter.com/projects/waiagames/hobbycase-and-casebowl-fantasy-football-case-and-much-more) | Solve 3 problems in one: displaying, storing, and transporting miniatures. Underworlds, Fantasy Football and much more | 19 | €1.5k (150%) in 2 days | 2025-01-27 | 💸 Kickstarter [👤 Waia Games](https://www.kickstarter.com/profile/waiagames/created) | 🌳💰 |",open_discussion,https://www.reddit.com/r/boardgames/comments/1horimv/weekly_crowdfunding_roundup_december_29_2024_8/
"Looking for recommendations Hi everyone I am looking for 2 strategy games recommendations to add to my collections. I've been looking at a lot of board game rankings and there's so many games out there that look super interesting. So I want to get more opinions before I go and get some games. First game: 60-120 mins gameplay Fun to play, lots of laughs maybe and semi competitive Good with even people that don't play board game often Easy to learn and teach to new players Second game: 60-120 mins gameplay Competitive and intense Requires lots of strategy building Good for board game enthusiasts and experienced players Thank you in advance!",recommendation_request,https://www.reddit.com/r/boardgames/comments/1hoqyh7/looking_for_recommendations/
"Suspects - The Dream of Kathmandu - Need a picture of card #51 I hope this is an acceptable place to inquire about this. I acquired the game Suspects in ""new"" condition for a whopping $2. It had everything in it and looked complete, however, card #51 (the very last card) in The Dream of Kathmandu (the last/hardest chapter) is nowhere to be found. Everything else is there and I haven't even attempted to play, so I really don't know how important it is, but I figure the very last card in a mystery game is likely vital lol I'm wondering if someone would be able to take a picture (front/back) of their card so I could print/make one, or if you could provide me a resource for where I could pick one up.",specific_help,https://www.reddit.com/r/boardgames/comments/1hopqw9/suspects_the_dream_of_kathmandu_need_a_picture_of/
"Cascadia or Dune Imperium Long time player first time poster (on this sub). If you had to choose, Cascadia or Dune Imperium (uprising) and why? I’m looking for a new game, but I think one is enough for now. Will be playing 2-5 players. I like most games as long as they are fun and not too complicated. I think both of these fit that profile.",recommendation_request,https://www.reddit.com/r/boardgames/comments/1hopjxs/cascadia_or_dune_imperium/
"Online Version of Timeline Hey everyone! A while back I stumbled upon [Timeline](https://www.dicetower.com/board-game/99975) at a board game cafe. My girlfriend and I instantly fell in love with it. It was a simple game that was easy to pickup (for non-gamers) and I really enjoyed the educational aspect as well. I wanted to purchase the board game but realized that they have stopped producing it, so instead I created a free online version [here](https://timeline-five-plum.vercel.app/). Just wanted to share with the community since I wish this had existed. Hope someone finds it useful and let me know if there is any feedback. Thanks!",specific_help,https://www.reddit.com/r/boardgames/comments/1hopfvc/online_version_of_timeline/
"Please help me identity name of card game I played years ago I’ve tried all types of word combinations on Google and to try and find it but haven’t been able to. I will do my best to remember the rules. It’s similar to other games like Uno or Mao in which goal is to get rid of all your cards in order to win. There are, I think, four types of cards that do different actions. I only really remember two types, I’ll call them action and trap cards. Each card has a little explanation as to what it does. Putting an action card that says something like “player who traveled the furthest to get here draws X cards” would then have to draw them. You could place trap cards face down that would activate if someone did what the card describe, such as “whoever takes a sip of their drink has to draw X cards”. Trap cards also worked to counter other cards such as if someone put down a card that targets you, you’d counter with trap card. The actions are more silly than I just described and with enough people one game would devolve into an hour long crazy affair due to all the different types of cards everyone would have. Thank you for your help finding this!",specific_help,https://www.reddit.com/r/boardgames/comments/1hooc3j/please_help_me_identity_name_of_card_game_i/
Similar games to Lords of Waterdeep My friends and I absolutely love this game but don't care about the world of D&D. I'm just wondering what games are most similar to it that we could try out as well?,recommendation_request,https://www.reddit.com/r/boardgames/comments/1holwhu/similar_games_to_lords_of_waterdeep/
"what’s a game you wanted to like but you just didn’t I’m interested to hear which game(s) you wanted to like, and you can see the appeal, but for one reason or another, you just couldn’t get into it. For example, Bang! was one for me that my friends loved and the idea of it sounds way fun. But I just can’t get into it myself.",open_discussion,https://www.reddit.com/r/boardgames/comments/1hoilyx/whats_a_game_you_wanted_to_like_but_you_just_didnt/
"Dungeon crawl/builder games My son (8yo) has recently started playing DnD with me and some friends. In the weeks between our sessions, he can't wait to play again, but our schedules are so hectic. I'm hoping to find a good cooperative game in this genre to play with just me and him that does not require a DM that isn't terribly heavy and has a lot of replayability. (For an 8-yo, he is incredibly bright when it comes to games, so I usually shoot for games listed as 12 and up at this point and he does fine.) Frotshaven is currently my all time favorite game. To try to introduce him to this game system, he has tried Jaws of the Lion with me as well as Gloomhaven digital, and, while he likes them to an extent, he usually loses interest midway thru a session either due to length or panics due to complexity (decision making space/analysis paralysis). I've seen several tile-placement style dungeon games bouncing around Kickstarter for the last few years and am intrigued by these systems - explore, reveal tiles and gear, fight. Have any of them turned out to be pretty good as a mid-weight game? I'm also a completionist, so games without a million expansions are probably better! For the sake of my bank account and shelf space.",recommendation_request,https://www.reddit.com/r/boardgames/comments/1hoike2/dungeon_crawlbuilder_games/
"Uses for a board game table with screen? Im looking at building a board game table, and I am trying to decide whether putting a screen is worth it. I know its useful for TTRPGs, but I don't play nearly enough dnd to justify it. Has anyone found any other uses for one, board game or otherwise?",specific_help,https://www.reddit.com/r/boardgames/comments/1hoik7m/uses_for_a_board_game_table_with_screen/
"Any strategies or ideas for making a game intended for “2 or more couples” playable by one pair? Got gifted the Ultimate Couples Quiz, but my wife and I don’t get much time out with other couples. We own other games like this and would love to be able to play them with each other, but there’s no one-couple valiant in the directions. Any ideas or help from the board game community would be greatly appreciated. Thanks!",specific_help,https://www.reddit.com/r/boardgames/comments/1hohydr/any_strategies_or_ideas_for_making_a_game/
Goat Lords A quick question to gain a little clarity if anyone knows. When birthing goats in Goat Lords if a player births two sets of the same goats in consecutive turns does each pair form a separate set or should the second set be added to the first set forming one set of four cards? Treating the two births as separate affects the reward for dueling in future rounds. Any ideas?,specific_help,https://www.reddit.com/r/boardgames/comments/1hogyip/goat_lords/
Kinfire Chronicles versus Fateforge Anyone have experience playing both? I’m looking for a quick playing campaign game with a good story/fantasy world. Both seem like a reasonable match. I’ve watched gameplay for both and they both seem fun from that perspective. Kinfire might be a little easier to table it seems like with a bit more progression with “leveling up” but Fateforge has more branching paths for a different story on multiple playthroughs. Kinfire seems more push your luck-y but I don’t think that will bother me.,recommendation_request,https://www.reddit.com/r/boardgames/comments/1hogj40/kinfire_chronicles_versus_fateforge/
What game is this ? I was trying to think of the game. Not necessarily a game board. It had a square base (it looked like a PlayStation 1) and it had a center piece that would rotate. I believe each player had the same stackable pieces. Player one would build something and place it on the platform. It would turn around and the other players had to recreate it before the spinning platform timer stopped.,specific_help,https://www.reddit.com/r/boardgames/comments/1hog3er/what_game_is_this/
"A few Xenoshyft (dradmire) questions Been playing it the last few days and must say I love it. Great theme, greath mechanics, needs skill and practice to beat, even on easy. Got a few questions I couldn't answer through the rules or any posts or comments online. Would like your opinion... Here goes: 1) Say you have a troop with 2HP + another 2 from armour. Troup gets 2 damage. Then through some bug's ability (or even in the next round by rearranging items), the troop loses the armour. What happens to the damage? We've decided that the armour takes the damage first so if the armour gets removed the 2 damage gets removed too. If the armour gets transfered to another troop, so does the damage 2) Med bay returns a troop to life with 1HP. Question is... do they still have their ability? What if they've already used it this round, does it ""recharge""? 3) Assault commander (and a division ability) lets you move a troop to the front of the lane and get +2 on their next attack. Can you do this ability on a troop that's already in the front, so they get the +2?",specific_help,https://www.reddit.com/r/boardgames/comments/1hofz2n/a_few_xenoshyft_dradmire_questions/
"Imperium Horizons - States? Hi guys I was recently bought Imperium Horizons. I was trying to play earlier but noticed the Japanese have empire cards in the development section and the rule book doesn't (clearly) state anywhere, how to transition from a barbarian state to an Empire state. Can anyone EILI5 please? Thanks in advance. :)",specific_help,https://www.reddit.com/r/boardgames/comments/1hofolk/imperium_horizons_states/
"Beginner Friendly Coop Boardgame (best Fantasy or SciFi!) Hello everyone, im looking for a Coop Boardgame to play with my fiance. We both love RPGs (as Videogames) but i would love to play a board or cardgame with her. It should be Coop and good to play with 2 Players. The Rules shouldnt need to long to learn. Best would be really some kind of RPG but it doesnt has to be. Could also be some crime you solve together or something like that. Price is also kinda important. As we didnt play anything like this ever it would be nice if it would be a rather cheap game to see if we even enjoy it. So yeah i would be very thankful for some hints what we could try :)",recommendation_request,https://www.reddit.com/r/boardgames/comments/1hoesyq/beginner_friendly_coop_boardgame_best_fantasy_or/
"Getting kids into boardgames I homeschool my 2nd grader and am looking into board games that would go along with our homeschool process. Not everything has to be ""learning"" I want it to be fun and fantastical. I love board games but have been having a hard time getting my wiggle worm to sit and have patience to learn sometimes. I want to share my love of board games, please guide me in the right direction?",recommendation_request,https://www.reddit.com/r/boardgames/comments/1hoe9cp/getting_kids_into_boardgames/
"What was that board game- spinning snakes from the 80s I believeeeeee it was the 80s, maybe early 90s- at least that’s when I played it. It was battery operated, where there was four corners- red, blue, yellow, green. The snakes spun and had rings on them. There was matching tongs- where you had to get the ring up and off the spinning snakes. Maybe was Egyptian themed? Maybe? Any ideas?",specific_help,https://www.reddit.com/r/boardgames/comments/1hodoy1/what_was_that_board_game_spinning_snakes_from_the/
"Ideas for heads-up tournament games? Looking for quick games... 1-2 minutes for a full game... speed/dexterity/puzzle-based. The goal is to use the game in a 20-30 person heads-up single elimination tournament, so it really should just be raucous fun. * Ultra-fast gameplay * Should be as fun to watch as to play (frenetic, fumbly fun) * Virtually no rules explanations required * Kids should ideally be able to compete viably against adults Something like Kanoodle Head-to-Head: [https://boardgamegeek.com/boardgame/250531/kanoodle-head-to-head](https://boardgamegeek.com/boardgame/250531/kanoodle-head-to-head) but looking for other games like that!",recommendation_request,https://www.reddit.com/r/boardgames/comments/1hodlok/ideas_for_headsup_tournament_games/
Shackleton Base - missing pieces? Hi I'm sorting the pieces for my copy of this game. The Sky Watch box has four coloured radar dish pieces indicated. I can't find them. Where should they be? Are they card or wood? Many thanks.,specific_help,https://www.reddit.com/r/boardgames/comments/1hoci2q/shackleton_base_missing_pieces/
Clank Legacy 2 - Mark Stickers Quick question I couldn't find in the rules. What happens if you run out of your color of mark stickers? I've very close to running out of space marking stickers quite early on in the game.,specific_help,https://www.reddit.com/r/boardgames/comments/1hoccw3/clank_legacy_2_mark_stickers/
"Board game from the 80’s Trying to remember a board game from the 70’s or 80’s where you collected gems(emeralds, sapphires, rubies and diamonds). Each character had a trait and the only trait I can remember is one was a hoarder. It started with a C.",specific_help,https://www.reddit.com/r/boardgames/comments/1hobvj8/board_game_from_the_80s/
"What was your favorite board game released in 2024? Curious to hear since I don’t think I’ve actually played one yet that came out this year, although I’ve played games new to me this year obviously. I think Ironwood is the most compelling looking to me that I’ve seen released this year so I might pick it up soon, but curious to hear what else is out there.",open_discussion,https://www.reddit.com/r/boardgames/comments/1hobp1m/what_was_your_favorite_board_game_released_in_2024/
"Last Light Board Game Deluxe Vs Regular I am potentially looking to pick up the game last light, however there’s quite the price jump between the deluxe and regular game. All the photos show planet pieces, however I am wondering if anyone can tell me what the regular version looks like and if it also has the planet pieces. Just debating if the price jump is worth it or not.",recommendation_request,https://www.reddit.com/r/boardgames/comments/1hobit0/last_light_board_game_deluxe_vs_regular/
"Kongai? I just went down a nostalgia rabbit hole over the flash game Kongai from my teens. It was a late-aughts/early-teens CCG on kongregate. I've done a couple of print and plays in the past for personal use, but never from a game that was strictly digital. Does anyone that's played Kongai before remember if there were any mechanics that could not be translated to physical? I rember a hit % mechanic I think I can replicate with a d10/d100. I would love to give my game group with a surprise draft night with a game from my childhood, if possible.",open_discussion,https://www.reddit.com/r/boardgames/comments/1hobi10/kongai/
"Good Spirit combos? My group is struggling, so I would like some help. I have Feather and Flame, Jagged Earth, and Nature Incarnate along with the base game. Any good 4 spirit combos?",specific_help,https://www.reddit.com/r/boardgames/comments/1hob4yq/good_spirit_combos/
"Overcoming 3.0 Weight Board Games I am looking to expand my board game collection but as a player, I'm very drawn away from games with ""background rules"" or when learning the game is simply too complex, it takes the fun away for me. I feel as though I am severely missing out on higher weight games, where the idea, theme or mechanics of a game appeal to me, but anything above 3.0 weight as stated on the game's BGG page instantly throws me off. I'm looking for heavier/crunchier games that are easily accessible Examples of games with ""background rules"" which are too complex for me: **Great Western Trail (2nd edition)**: This did not gel well for either myself, or the 2 people I played with. The theme combined with the gameplay for us did not make any sense. Found myself constantly checking the rule book for every building placed. Too many complexities working in the background for what seemed a simple, light-hearted journey to Kansas city to sell some cows... **Scythe:** At the time (and still am) I was looking for an area control game, or ""dudes on a map"", with crunchy strategic gameplay. With the game having player boards, I thought this would be a perfect bridge into this genre as I'm familiar with some aspects considering the amount of worker placement games I've played; the theme is also really cool. A lot of the rules I felt you have to remember, and all the actions/cards didn't seem to lend you a hand whatsoever, you just had to remember what to do based on the comprehensive rulebook. I'd happily admit I may be impatient with the learning aspect, or I'm just not cut out for higher weight games. But are all heavier games like this or have I just been put off with the 2 examples I provided? The heaviest weight games I enjoy are Everdell with +2 expansions. Raiders of the North Sea with +2 expansions. Whistle Mountain. Turing Machine. Harmonies. Welcome to your new home. Slay the spire and Wyrmspan",recommendation_request,https://www.reddit.com/r/boardgames/comments/1hoarea/overcoming_30_weight_board_games/
"One Night Game Collection Inquiry I couldn’t figure out where else to post this, so Im putting it here (for now). I am a big fan on One Night Ultimate Werewolf and am hoping to get the expansions/ additional games. I’m wondering if anybody knows of a bundle box or something that can store all the cards in one container? Currently I have the original and Daybreak, and that fills up one game box entirely.",specific_help,https://www.reddit.com/r/boardgames/comments/1hoapxa/one_night_game_collection_inquiry/
"Wingspan expansion Wo got Wingspan for christmas. We played a couple of games and loved it. It seems that this game is not really liked here for different reason but its perfect for my wife who liked casual and not too competitive games. I'm starting to look at expansion. Europe and Asia, what are the difference between these two ? Wich one should i start with ?",recommendation_request,https://www.reddit.com/r/boardgames/comments/1hoalyk/wingspan_expansion/
"What dominion expansion should i get next? I got into the game when I played at my cousins' house last year and this year. They have base game, Prosperity, and Adventures. I got the base game and Intrigue big box for Christmas. I originally wanted to get Prosperity next, but i realized there's only 2-3 cards I really care about from there (platinum, colony, king's court) as well as only having 2 attacks, so I'm not gonna get it. I did some online research and i've narrowed down the choices to Seaside, Adventures, Dark Ages, and Hinterlands. Dark ages is the largest, and has cool trashing mechanics, but I'm not sure how well it works with cards from other expansions in the same game. Seaside and Adventures have lots of duration cards, and adventures has journey tokens and upgradeable cards. I don't know as much about Hinterlands, but the theme is interesting and the cards seem cool. Any advice? Thanks",recommendation_request,https://www.reddit.com/r/boardgames/comments/1hoa8uz/what_dominion_expansion_should_i_get_next/
"I recreated The Game of Life and it was great! A year ago I played The Game of Life for the first time and was disappointed, I know this criticism is stupid considering this is a kids game but I found it too unrealistic- some things were too hard (like, having a child), some things were too easy (finding a job/living), and didn't leave enough liberty. So I decided to take it and remake it And remake it did I! I finished it this summer and it was the funniest thing! I added multiple fields you can graduate from, so finding a job will be super hard! I added taxes, so not only do you need to have the money to buy a house, you also need a good job to make sure you can pay all the bills!! Now, you can't get married anymore out of nowhere, you first need to find yourself a partner, which is not hard, expecially if you take the raum ""download tinder""; where you still might fail! But don't worry, you'll be able to find new partners during your life time, and potentially leave your current one for them-. And if you choose to stay alone your entire life don't worry, you don't have to die alone! By the end of the game you'll have the chance to become a nice old cat Lady! (Or gentlemen) And get yourself as many kittens as possible right before finally retiring to live the best, last, years of your life!! Another great addiction is the ""oh no!"" Card. You know, sometimes life just sucks, stuff happens, and everything might fall apart, you might lose your job, become disabled, die... It's all part of life! And you can find it in this game. I'm patching this like I'm about to sell it, I'm not selling anything, but I want to share this goal of mine I reached! I'm super happy to play it with my family and friends and now that I'm done with this project I know that someday I'll be able create something completely of my own!!",open_discussion,https://www.reddit.com/r/boardgames/comments/1hoa1jm/i_recreated_the_game_of_life_and_it_was_great/
"How many days does a room last on the codenames.game site, and is there a way to extend it? I am new to using it but having a lot of trouble locating this information. Also, is there a way to set up email notifications if two people play asynchronously? Thank you.",specific_help,https://www.reddit.com/r/boardgames/comments/1hoa187/how_many_days_does_a_room_last_on_the/
"Help decide: massive darkness 2, or descent legends of the dark I don't have a light to mid weight dungeon crawler (except tiny epic dungeons which I really don't like). I'm tempted by MD2 but concerned the maps will be quite boring (small and little variation), but really like the idea of loads of loot and power progression. I can get it with the campaign mode heavenfall expansion for about £100. Alternatively, descent gives excellent maps with terrain etc but doesn't seem to have as much loot or progression, but can be had for £65. If it helps, I like zombicide 2nd ed but there's very little loot, it's more of a survival game. What would you suggest (and am I missing any alternative)?",recommendation_request,https://www.reddit.com/r/boardgames/comments/1ho9w7h/help_decide_massive_darkness_2_or_descent_legends/
"80’s/90’s game - need help remembering the name My kids received the Hypershot game for Christmas and it had me in my feels remembering a game my brother and I used to play. It didn’t have a “board” but was a boxed game that bc war with two small (orange I believe) hockey stick looking things. We used a quarter with it, though I’m not sure if that’s because we lost the “puck”. The object of the game was to roll it out of your stick and the other person would score a point when they caught it. It had a sliding score marker. I thought it was called Slapshot but I could be completely off on that. I’d love to find it on eBay and play it with my kids. Thanks for your help!",specific_help,https://www.reddit.com/r/boardgames/comments/1ho8j9d/80s90s_game_need_help_remembering_the_name/
"Looking to a general deluxification for use of many games: Dials. I’m looking for some good dials I can use for many games. I have the issue that I don’t like the cardboard dials that come with my games. They tend to never have the right tension. I saw on boardgameco last night the primal tracker sold on Etsy, and it made me realize I’d like some general dials I can use across many games. Does anyone have recommendations on a set of dials? Metal or plastic, I just want something high quality and preferably aesthetically pleasing. It doesn’t have to be a board-game specific dial, just something I could use in board games.",recommendation_request,https://www.reddit.com/r/boardgames/comments/1ho8b37/looking_to_a_general_deluxification_for_use_of/
"huge win - son finally old enough to play and compete at a heavy board game! I've been playing games with my boys since they've been born. they both like board games, and we've played a lot of games, but mostly kids games and lighter gateway games - TTR, Imhotep, Canvas, etc. today though, eldest wanted to try Alchemists. and he handed it like a champ! it's a hard game to explain even to vets, I find, but he absorbed it and really liked the deduction element. for context, my kids are bilingual, and English is their 2nd language, so I tend to avoid games with tonnes of English. Alchemists has a bit, but nothing he couldn't handle. man, been waiting for this day for years. all those days of teaching English and playing kids games finally bearing fruit. i know this sounds lame, but hey, feels like a big win for me. little dude has expressed interest in Barrage and Gaia Project for next time.",open_discussion,https://www.reddit.com/r/boardgames/comments/1ho7kqx/huge_win_son_finally_old_enough_to_play_and/
"I played 350+ games, 100+ unique games, and attended my first major Con this year! I've been in the hobby for over 10 years now and this year I decided to track my plays using BGstats. I also got into BGA pretty heavily, and attended my first Con - PAX Unplugged! It was a pretty damn good boardgame year for me. Currently at 350 games and 105 unique games, and 27 totally new games to me. Just under half of these plays are from BGA or digital, almost exactly half of them were 2P with my wife. I typically play 2-player games, as I most often play with my wife and my collection of close to 200-ish games is geared towards euros that are great at 2P, with a handful of solo games and even less Dudes on a Map games. Below I share my thoughts on the greatest year of boardgaming I have ever had! I make some half-assed comments on my most played games, my new to me games, my favorite from the year games, maybe some other nonsense....who knows. 300 something plays is probably pretty average for people here, but this is by far the best year of gaming I have ever had. I suspect with BGA I will have a similar year next year, but felt like sharing. **High Plays:** **Dune Imperium** (IX/Uprising/Bloodlines/Immortality): 28 plays - This includes digital and in-person plays. I freaking love Dune Imperium. It's a supremely awesome, fun, competitive game with great moments and tons of replayability. I really don't want to play without IX or Uprising, but I like mixing in Immortality only occasionally. I got to play Bloodlines at PAX and it was freaking great! **9.5/10** **Heat Pedal to the Metal**: 14 plays - I think this is all BGA this year and I actually played almost all of these games in the span of a couple weeks and then cooled greatly on the game. I can't think of a better racing game and I love the weather and the upgrade cards, but it can definitely be frustrating. **7/10** **Obsession**: 14 plays - Mostly 2P in person, but 2-3 games on BGA. I adore Obsession, it's so rich and so unique. I picked up all the newest expansions and bits for this at PAX Unplugged and it was the first game I played upon return with the Characters expansion. The wife and I love the theme, but more than that I really think this system needs to be in more games and I can't wait to see it used again. Just so good! **9.5/10** **Abyss**: 11 plays - One of my ALL-TIME favorite games, even at 2P, but I got a few BGA plays in (although it's really hard to get games on BGA for this....). I love the artwork, I love the sort of push your luck, I only ever play with both expansions because I think that's just the only way to play. This is such a smooth, easy, fun, and gorgeous game that has everything clicking together. I even upgraded my game with Abalone shells to hold the pearls and nebulous. A near perfect game.... **9.5/10** **Teotihuacan**: City of Gods: 10 plays - I played this in several variations of expansions, I played mostly in 2P, but some at 3P and only a couple BGA plays. This is such a fun game, but man is it a bit of a beast with all the content. I love dice in my euros and this does some really fun stuff with the dice workers leveling up and the number of dice and the value of dice intertwining. Finally the ascension aspect is super cool, and if you love tracks this has it in spades!...it's just a really solid game I always enjoy with variable powers, tiles, and scoring options. **8.5/10** **Aquatica** (cold waters/coral reefs): 9 plays - I FREAKING LOVE THIS GAME....this brilliant card tucking and sliding power combotastic game is so cool and I wish it was on BGA! I'm surprised this doesn't get more attention to be honest - it's just such a well designed game. The mechanism reminds me of a SUSD episode on Conan about being a DJ and sliding things along...I think im a sucker for underwater themes maybe....I do want to try Endeavour Deep Sea. **9/10** **Ark Nova**: 8 plays - While I do really like this game, I don't like it nearly as much as my wife does or when we first got it. However, I have started to fall back in love as I play on BGA and play against players who are much better than I am. I can see how to play more optimally/competitively and that actually moves the game along a bit better. It's a fun game with good variety and I enjoy the expansion and the map packs and I can't say no to the game...don't get me wrong, I really like it...I just don't LOVE it right now... **8/10** **Champions of Midgard**: 8 plays - All expansions All the time! my wife LOVES this game and I gotta say, so do I.....so freaking do I! It's a really simple game, even with the expansions, it's just worker placement, minor set collection, minor resource management, and a good amount of rolling dice. Now I rather dislike dice combat....it's why I got rid of Undaunted (a great game), but here it just works. It's fun, frustrating, and grand all at once. The lite asymmetry is always fun and it's just an easy playing game with secret endgame goals and little bit of screwing each other over. **8.5/10** **Dwellings of Eldervale**: 8 plays - I actually play this quite a bit at 2P, which is so surprising to me. This is one of me and my wife's absolute favorite games. The asymmetry, the easy to add modules (dragon/bi-frost/minotaur/shapeshifter/oracle), the card variety, and funny moments. It's a near perfect game for me......I have NOT played Andromeda's edge, but the theme and familiarity for me at 2P......I can't imagine needing AE. **9.5/10** \*\*6-7 plays of the below:\*\* **Lost Ruins of Arnak**: As much as I love Dune - the wife loves this! and I can't say I blame her, this is a marvel of design - from a husband and wife first time design team! It's got great components, give you exploration feelings, combo feelings, puzzle feelings, and power feelings. It's a really excellent game with a somewhat slight twist on deck building thats just so perfect. **8.5/10Caper Europe**: I like this a good deal more than the wife does, which is why I play it mostly on BGA. It's a quick and simple game to play in between heavy games or when you don't have much time. Good variety and just good fun. **8/10** **Concordia**: This game....this freaking game.....The play is soooooooooooooooo gorgeously sweet. I LOVE this card play....I love it so much I don't mind playing a game about.... whatever the hell this is about. **9/10 - P.S. I think I played this on the app quite a bit, but dont think I ever captured it. I mostly play at 2P and still LOVE IT! - also fish market for the win!** **Isle of Skye**: This is the best gateway game ever! It used to be smallworld, TTR, Pandemic....but it's IoS...wait thats taken - Isle of Skye is so simple, so smooth, so satisfying....I play it with noobs, casuals, advanced players.Druids expansion is supreme and I include even with new players - Journeyman basically gives me a 2nd game in the box...I have this tiny box with basically 2 different games in it - a lightweight fun game and a medium weight euro game... **9/10 - Everyone should/play Isle of Skye!** **War Chest**: I'm a big chess nerd, I love head to head combat games and I thiiiiiiink this is my favorite! We have Summoner Wars, Unmatched, Shadespire, Undaunted, Tash-kalar....but War Chest is so GREAT! The variability, and quickness of this game is supremely great. Tash is probably the high-form of these type of games and Unmatched the lowest form, but War Chest sits right in the middle at just right for me. **8.5/10** **Clank! Catacombs**: The BEST version of Clank! well, except the Legacy version which was our game of the year when it came out...but still Clank catacombs is SO So so gooooood. Just got the Lairs expansion and it's a nice tasty addition to the game. **9/10** **Viticulture:** Is this the best pure worker placement game? For us it's a yes - you'll see LoW, Stone Age, and a few others mentioned, but my god I am impressed at how much we play this and how I never ever say no or feel like something else if this gets mentioned. The card play, the season change, the aging grapes and wines....every game is different, the theme is dripping. It's a gloriously wonderful game. **9/10** **Notable and NEW:** **Beyond the Sun -** Wasn't suuuuuure about this, but man! it's so good. Another great BGA game and surprisingly good at 2P, but I THINK i prefer it at 3, just because the planet area gets a little more interesting....either way its super good. There's nothing else I have seen that plays like this, it's not flashy, in fact it's pretty ugly hahaha, but the gameplay is straight forward and raw. **8.5/10** **Xia -** Oh sweet baby LORD! grabbing this bad boy with the expansion and insert for sub $100, I dived into the solo campaign and just died of falling in love. This is so fun! I only play a handful of games solo but this is my #1 right now. **9.5/10** **Sky Team - S**uch a great fun lite game, and thats saying a lot cause there aren't many...any? co-ops the wife and I play. **7/10** **Draftosaurus -** Bought this for my kiddo and ended up really enjoying it just in general, it's a really fun and simple game that surprised me. **7/10** **Boonlake -** This is such a cool game. I think it's a little heavier than it needed to be, it's got some funky art and graphic design that somehow works and it does a lot of different things with cards, and buildings, and spatial elements on the board, and this delicious action selection mechanism. It does a lot of things and it does them well. Just a solid game that gets smoother and faster the more you play. **8/10Carpe Diem -** An older game that is new to us and just quite refreshing! **7.5/10** **Compile: Main 1 -** SUSD said all that needs to be said, it's just a great speedy, fun and twisty game. I'm a big fan of Air, Land, and Sea and this does that but....weird. **8/10** **Vindication -** I was really surprised by how much I enjoyed this one. Maybe I enjoyed it more because I didn't pay for it (I do think it's a bit overproduced? overpriced at least). It has this very fun comboing puzzly play intertwined with the ""randomness"" of the board and I just really dug my play and would to play more. **8/10** **The Vale of Eternity - Pax Purchase -** I actually didn't know much about this, I had heard some good things, but frankly forgot how it played. I saw it for sale in a used games booth and snagged it for 20 bucks. I've since played 2-3 times in-person and a handful of times online and I am really enjoying this and looking forward to getting the expansion. It's lite...ish but better the more you play. **8/10** **Black Forest - PAX play - Bought it -** I knew nothing about this, but my buddy and I lucked out with a teach and play with a couple nice gents at PAX and I fell in love. I had never played Glass Road and went into this fairly blind only knowing Uwe and his games. It's a beautiful thinky game with this fun dial play and of course buildings.... **8/10** **Gnome Hollow - PAX play - still considering, but having fun on BGA for now.** Just a smooth, cute, simple, and yet interesting game. I am surprised by how much I enjoy this very simple and almost non-chalant game. **7.5/10** **Spectacular - PAX play -would have bought it if I could have found it!** OMG I WANT IT! snappy, and I mean SNAPPY TURNS, super colorful and fun and lite, but with the goals has surprising depth without losing it's snappiness. I don't think the theme or the name make ANY sense, and I don't care!...I sort of care..... **8/10** **Harmonies -** I've only played this on BGA and at the time of writing this I have played....**12 times!** I fell extremely in love with this game. In a world of Azul, Patchwork, Bonsai, Miyabi, Cascadia, Splendor, and others - this just sort of takes the cake for me at the moment. Although I would love more attention paid to Miyabi!!!!!!!!!!! **9/10** **Favorites from the Year:** **Heir to the Pharoah -** I tried to go back in time and snag a few games this year on the second hand that were ""forgotten"". Things like Carpe Diem, Naga Raja (till trying to get this), Fist Full of Meeples (Still trying to get this), and Heir to the Pharoah. I gotta say I love this game. It just makes me giggle how good and interesting this simple bidding game is. **8.5/10** **Miyabi -** I just wish more people played/knew about this game. It's such a wonderfully fun game that never gets talked about! **8/10 (wife gives it a 9/10)** **Harmonies - 8.5/10...maybe a 9 I dunno - I'm just enamored with it right now!** **Abyss - 9.5/10** **Xia -** The solo campaign...be still my heart. I freaking love cinematic moments and this is one long cinematic moment...making it pretty much a movie I guess. **9.75/10** **Five Tribes - A timeless classic for us - I really only wanna play this at 2P though.......... 10/10** **Orleans - Doesn't get played as often as we'd like, but this one of the greatest games of all-time in our book. Love the expansions and all the modules from duel, to objective cards, to invasion... 9.5/10** **Dwellings of Eldervale - 9.5/10** **Voyages of Marco Polo -** For years Rajas of the Ganges was my Dicey Euro game. I like Troyes, Teotihuacan, Castles of Burgundy, Grand Austria Hotel....but after more and more plays and getting the 2nd edition of Voyages....Voyages stole my heart by being an actual dice placement game. **Dune Imperium - Nuff Said 9.5/10** **Longshot the Dice Game - How much fun can you have! Another game like Isle of Skye I say is taking over as a gateway game. I've used this to intro new people to the hobby many many times! 8.5/10** and my most favorite game of all - **War of the Ring (boardgame, although I very really extremely enjoy the Card Game as well) 10/10**",open_discussion,https://www.reddit.com/r/boardgames/comments/1ho7jhe/i_played_350_games_100_unique_games_and_attended/
"Risk Legacy [Possible Spoilers] I've been playing on a Risk Legacy board for 2 years with my family. We'd gotten through 9 games without opening the two large boxes. I finally trigger one, open it, and get to reading. As I'm sure you are no doubt all aware, these 2 larger sections of the box have their contents swapped in most, if not all, copies of the game. Our group retroactively justifies opening the box, something which I certainly regret. We now have a specific, one-of-a-kind, unremovable mark on the board which shouldn't have been there. I am beyond furious. We had played the entire game as anti-spoiler as possible, and quite frankly this has ruined this 2-year old board, and the game as a whole. Our board is quite possibly going to be left on 9 and a half battles, with changes that should never have occurred, forever. How on earth does a company mess up this badly with this kind of product. I can only view it as both incompetence and a lack of caring when it was discovered.",specific_help,https://www.reddit.com/r/boardgames/comments/1ho704e/risk_legacy_possible_spoilers/
"Great App for Cataloging Your Games Have you tried Overboard? It’s awesome and free. Only available for iOS. I finally entered all my games. It works perfectly and allows you to sort your games however you like…such as by player count, complexity, rating, etc.",open_discussion,https://www.reddit.com/r/boardgames/comments/1ho64ah/great_app_for_cataloging_your_games/
"The Night Cage replacement pieces Hi all, Got night cage for christmas but had a small accident and some of the pieces got damaged. (Kicking myself over this) but is there a place in canada or company that sells replacement tiles for damaged pieces?",specific_help,https://www.reddit.com/r/boardgames/comments/1ho5qze/the_night_cage_replacement_pieces/
"trying to find a card game again (numbered colorful cards, betting/gambling element, mayby fruits?) im looking for a card game i came across in this subreddit awhile ago. the cards were simple, i think each card only had a number, and maybe a fruit too. i can't recall whether those fruits represented different suits or if it was just numbers, and i think the numbers went higher than regular cards. it was also a betting/gambling game, but it didn't have a casino/poker theme/look. this is all i can remember, anyone know what im thinking about?",specific_help,https://www.reddit.com/r/boardgames/comments/1ho41fz/trying_to_find_a_card_game_again_numbered/
"Unlock! The Noside show missing card 16/60 Hi friends, does anyone have this game? I somehow lost the card labelled 16/60. would you kindly save my day? I can't find anything on the internet, what the card does? Would you share a pic with wetransfer or something? Thanks in advance",specific_help,https://www.reddit.com/r/boardgames/comments/1ho3yq5/unlock_the_noside_show_missing_card_1660/
"Bgg catalog or BG Stats? Hello! What Is the best app fot board gaming stats? I'm using BGG catalogo, I was wondering of BG Stat, beeing a payment app, gives more things",recommendation_request,https://www.reddit.com/r/boardgames/comments/1ho3vmt/bgg_catalog_or_bg_stats/
"Trying to find a bridge building game My kids go to a daycare. At the daycare they say they play a game which they call ""bridge the gap"". I couldn't find it. Please let me know if there is a better sub where to ask this. It involves thin wooden planks, and soft blue half-cylinders. The half-cylinders have slots inside, so the planks can be slid into them. They try to build bridges out of these planks and half-cylinders. Then they put heavy ""people"" from a ""family"" onto the bridge to test it. This daycare has been around for a while, so this game might be old maybe? Do you know what this could be?",specific_help,https://www.reddit.com/r/boardgames/comments/1ho3nr2/trying_to_find_a_bridge_building_game/
"Brass Birmingham: What did we do wrong? So a friend and I played our first game of Brass Birmingham, and I guess set our expectations high due to its standing on BGG. Going in we watched a 20 min rules video and refered to the rulebook for assorted questions we had before starting. Coming out the other side we felt like we either did not understand the base strategy required to play decently, played it wrong, or both. For reference, the two of us play many rules heavy and varied games, though I don't think euros are very common in our repetoire. Key parts we thought were worth noting: * Loosing all our structures at the start of the Rail Age was rough and felt as though we were just starting again with slightly more income * We forgot the bonus you gain when selling to the market, even if we only did it once per age each. May have contributed to the disappointment but I doubt it would've made much difference. * Only being a two player game might've also capped the progression a bit, as there would've been more resources around maybe? * The tiles that determine what places sell what resource was dealt very conjested, with cotton and the wild to Oxford, so space was very limited around Birmingham. * In hindsight, this would be aleviated with more experience as I've just remembered that we just needed a link and not being close to it necessarily, just helps spend less money. Are these solid key takeaways? Do we need to give it 2-3 more plays with higher player counts before we understand its magic? Any strategy tips for the next game so I don't loose by 1 point this time lmao?",specific_help,https://www.reddit.com/r/boardgames/comments/1ho38os/brass_birmingham_what_did_we_do_wrong/
Game Mechanics and their entry-level reference game - Do you agree? | **Mechanic** | **Reference Game** | |---|---| | **Engine Building** | **Splendor** | | **Worker Placement** | **Agricola Family Ed.** | | **Deck Building** | **Dominion** | | **Tile Placement** | **Carcassonne** | | **Drafting** | **7 Wonders** | | **Bluffing** | **Coup** | | **Hidden Roles** | **The Resistance** | | **Set Collection** | **Ticket to Ride** | | **Push Your Luck** | **Can’t Stop** | | **Roll and Write** | **Welcome To** | | **Area Control** | **Small World** | | **Cooperative Play** | **Pandemic** | | **Storytelling** | **Dixit** | | **Pattern Building** | **Azul** | |,open_discussion,https://www.reddit.com/r/boardgames/comments/1ho2w3h/game_mechanics_and_their_entrylevel_reference/
"A rpg board game for kids I'm looking for a dnd like game that is more about aliens for my dad to play with the other younger kids of his gf, any suggestions? (No magic or witchcraft. My dad said that shouldn't be in the game) Helldivers types universlike ish but for kids. (The mother is Christian, it took me an hour to write this post for help without sounding bad)",recommendation_request,https://www.reddit.com/r/boardgames/comments/1ho2jxo/a_rpg_board_game_for_kids/
"What are some deep but somewhat lightweight modern boardgames My friend group is really into very very heavy boardgames like Scarface, Nemesis, Gloomhaven, Descent, Dune and the like. While I can enjoy these games they can be a bit exhausting. I would love to introduce them to more lightweight but still deep and interesting games. We recently played Citadels and had a blast! I am now looking for games like that and have my eye on Pandemic. We like games with a competitive aspect but it doesn't have to be like that. So from social deduction to deck building and resource management, everything goes. What are your recommendations?",recommendation_request,https://www.reddit.com/r/boardgames/comments/1ho2izm/what_are_some_deep_but_somewhat_lightweight/
"Shelving! Looking into shelving and obviously Ikea Kallax is usually the way to go in this community. However, are there any other suggestions? I went through this sub reddit and over the years I’m just seeing custom shelving for a lot of people’s insane collections. Dont have the time nor money for that type of stuff yet but one day! Thanks!",recommendation_request,https://www.reddit.com/r/boardgames/comments/1ho2ibq/shelving/
"What are some great games to play with gf As the title says, i want to find some games to play with my gf,right now we play descend 2nd edition, gloomhaven and Arkham horror/eldritch horror.",recommendation_request,https://www.reddit.com/r/boardgames/comments/1ho1m4j/what_are_some_great_games_to_play_with_gf/
"Azul? I was recently over at a relative's house for Christmas and was gifted this new board game I had never seen before. The game in question is Azul. The person who gifted this for me is also a relative and, although I am very into board games, I have never been for complicated rules, which seems to be the whole dig of Azul. However, I wanted to know if I should give it a try. What type of people does this board game appeal to (as in what would be the main audience)? I am pretty sure I could find some interested party (even if it means dragging my family into it lol). Any experienced (or even one-time players) of Azul, I would love to hear your input!",recommendation_request,https://www.reddit.com/r/boardgames/comments/1ho14zc/azul/
"Distinguishing Strategy and Tactics Strategy is long-term and vague. It can generally be stated as rules of thumb and probabilities. For example, in the early-game of *Chess*, you want to castle while activating your pieces. (Note: True strategy comes from not just how many rules of thumb there are, but how they're prioritized. A rule of thumb you want to follow over others is a ""strong"" rule of thumb. While a last consideration is ""weak."") Tactics are short-term and solid. It can generally be defined as dilemmas. Examples in chess include forks (attacking two pieces at the same time with one piece), pins/skewers (if they move a piece then another one will be threatened), and discoveries (moving one of your pieces opens up a line of attack). I wonder if a good way of classifying games would be ""strategy-dominant"" and ""tactics-dominant."" *Chess* has a lot of strategy, but I'd consider it to be tactics-dominant. *Poker* has no tactics, only probabilities, so it is strategy-dominant.",open_discussion,https://www.reddit.com/r/boardgames/comments/1hnkfbz/distinguishing_strategy_and_tactics/
Something I noticed about Etherfields People be saying when sleeving cards an insert or organizer is a must because otherwise the cards won't fit. Maybe it's just me but it seems there is enough place left in order to sleeve the cards and still have them fit even without the organizer. Like yeah the core box is a bit tightly packed with stuff but the expansions aren't that full. So I'd say if you want to buy an organizer for it to be able to start the game faster then go for it BUT it's not a must. Do you agree?,open_discussion,https://www.reddit.com/r/boardgames/comments/1hnj4rn/something_i_noticed_about_etherfields/
"Modern boardgames are bloated and cumbersome Over the last month's I had the opportunity to play three highly acclaimed board games. These games are very highly reviewed by critics and as far as I can tell are very highly regarded by the community (so much so that one is currently really hard to get and very expensive on the secondary market) I really like the people I played the games with but at the end of long play sessions I always was just exhausted and even a bit glad that it's over. I ultimately came to the conclusion that all of these games are terribly bloated to a point where playing them is really tedious. They all have different mixes of deck building, ressource Management and even a bit of social deduction. Normally I really enjoy those aspects of gameplay but I found playing these games to be just very tedious. You have to constantly keep track of multiple mechanics to a point where it becomes just very slow and convoluted. I talked to my friend who introduced me to the games about it and he said he likes them because of their unpredictable and deep gameplay that offers a lot of variety. He is under the impression, that you need complicated mechanics to offer a deep and variable gameplay experience. The more I thought about it however I just can't change the impression, that these games use overly complicated and bloated mechanics to arrivally create the impression of depths. For example one of the games had multiple resources that could all easily been combined to just a single resource. I just couldn't see the benefit of having multiple resources that just don't add anything valuable to the gameplay besides making it more tedious to keep track and slow to be acquired. Also all of those gamea took just really long. One Session easily taking the whole evening (like upwards of 4 hours). In my honest opinion all of these games would have been better Computergames than boardgames. Case in point.. one of that games even comes with an app that takes care of all of the complicated mechanics (which honestly doesn't reall add to the fun if you ask me). Is this a general trend in modern boardgames or am I approaching these games wrong? Are these games bloated or is this really necessary to offer a deep gameplay? Also are there any examples of modern boardgames that offer deep and variable Gameplay with relatively simple mechanics?",open_discussion,https://www.reddit.com/r/boardgames/comments/1hnifyc/modern_boardgames_are_bloated_and_cumbersome/
"Best Etsy board game accessory purchases ♟️🎲🃏 What are your favourite/best Etsy purchases related to board games? Most useful, frivolous, funnest, etc. Ones you don’t regret buying.",open_discussion,https://www.reddit.com/r/boardgames/comments/1hng14e/best_etsy_board_game_accessory_purchases/
"Anyone else noticing a widespread inventory slump among FLGSs? Now I'm sure it varies from country to country, but here in Canada, even before the holidays, there seemed to be many games out of stock everywhere. Typically you can find the massively popular games just fine, but new releases seem to dissappear real quick, especially if they were critical darlings. This was the first year I didn't get anything on black friday simply because what I wanted was never available, and If it was, I could never find anything else to add to make shipping worthwhile In canada we temporarily don't have to pay taxes on board games suitable for children under 14 so I figured it would be a good time to stock up, but inventory just feels uncommonly absent. I use board game oracle to find stuff across the country and even places like 401 games and board game bliss feel like they have holes in their inventory. Could more people just be moving to the hobby and scooping things up? Are there inventory shortages i'm not aware of? Or maybe game stores are only really stocking the big sellers rather than risk a more obscure game collecting dust on the shelves. I've been playing board games for a while and just don't remember this level of a stock drought.",open_discussion,https://www.reddit.com/r/boardgames/comments/1hnd061/anyone_else_noticing_a_widespread_inventory_slump/
"My Christmas haul! https://preview.redd.it/lhihbm90fd9e1.jpg?width=3072&format=pjpg&auto=webp&s=e27473584bb12f9c36aaf33016e224ea9d01da90 My daughter bought me this for Christmas. And I finally got it to the table today. And since I can't find any English language info about it, I thought I would post here! For anyone who can't read Japanese, the game is called Genba wa Anzen tte itta ja nai desu ka! which means Didn't you say the site was safe? - and nominally the game takes place on a construction site peopled by cats. But. Essentially the game is a sort of meta joke. It is for 2-6 players, takes 5-15 minutes to play, and is hugely luck driven. There is some strategy involved, but, as far as I can tell, the pleasure from playing it lies mostly in the humour: the cards that score points are called Yosh! which is sort of what you say in Japanese when something went well, or if you're about to do something; then there are about three types of cards that upset you, and basically the names of those cards are the type of thing you'd say when you're playing a game and something upsets you - doushite! (WHY???); nante kotta! (which, according to google translate means... OH MY GOD!); and nagare ga okashii! (WHAT IS GOING ON???). During the game you draw cards from 5 piles until they run out. At the end of the game you get points for each Yosh! card in your tableau. When you draw the upsetting cards they cause various penalties; but they remain in your hand and you can use them later for bonuses (eg. draw two cards; or draw one card and your opponents has to discard a matching Yosh! card). It is largely luck-driven. The only real strategy involves trying to minimise the impact of the upsetting cards by guessing when they might turn up. And that's it. That's the game and that's my review. I think it is a textbook 5/10 sort of game if you're looking for something serous to play, but it is also kinda fun to pull a card that says exactly how you feel when you pull it - YOSHI! HERE WE GO! or DOUSHITE??? WHY DID THIS HAVE TO HAPPEN TO ME??? So probably a 7/10 with the right crowd or enough booze.",open_discussion,https://www.reddit.com/r/boardgames/comments/1hncofl/my_christmas_haul/
"Would an app to track whose turn it is be helpful for any board game you play? I made an app for keeping track of turns for games because I needed one for a game I was playing. Would this sort of thing have any use to anyone playing board games? If so, which board games would you benefit from using this with? The website for the app is trackturns.com if anyone wants to check it out. Thanks!",open_discussion,https://www.reddit.com/r/boardgames/comments/1hmzuev/would_an_app_to_track_whose_turn_it_is_be_helpful/
"Make it better! What games have you modified to make better? This could include adding minis instead of using the counters in the game; re-doing cards to improve their looks; etc. I'm currently re-doing an old game from the 1970s, 'Emperor of China,' by adding minis, laminating the cards, and using stickers to increase the readability of the gameboard. It's a lot of fun!",open_discussion,https://www.reddit.com/r/boardgames/comments/1hmukc4/make_it_better/
"Is it only me?? I have been playing board games with a higher frequency for the last year or so. Got some different games, to fit different groups, and different situations, but I feel like I am still struggling to fully enjoy a gameplay with first-time-playing-a-game-like-this people. Last night a had a group of friends playing Flamecraft for the second time, and it seems like they still don't get it... Every turn they are confused and end up skipping a lot of steps, so I have to go back, explain the steps again, make sure the movement is valid and beneficial for them... And I have to do it for almost everybody around the table. So when it is finally my turn I have to quick evaluate the situation and do the best I can as quick as possible, so I don't hold the game... Seeing that everybody is confused also give me the feeling that they are not enjoying it either, which sucks when you are the one suggesting the games. Last week, I played two new games with a different group of friends that are more familiar with more complex board games in a game night. I taught the first game, and it was ok (Fit to Print), but with a lot of AP for scoring, since it was my first time playing it as well and I was still figuring some stuff out on the fly. So already not that enjoyable. When teaching the second game of the night (Horrified) I couldn't get them to understand it. When going through the rules, I felt their confusing in the air... I don't know... it felt like they where to tired already or something like that. We ended up just playing it, half explained, and I would just explain the rules on the fly, as they were necessary. So I don't know, I guess my questions are: does it happens to everybody? Is it just a matter of finding the best game for the group? Is there a more interactive, more interesting, way you explain a game for first time players? Is two games to much to teach in a game night? Any hint for the future?...",open_discussion,https://www.reddit.com/r/boardgames/comments/1hmr4ve/is_it_only_me/
"What's that one board game that you never lose at? For me, that's ""Sorry"". I don't know what it is about that game, but I am the reigning champion in my family with very few defeats. What makes it interesting is that the game is partly luck-based since you rely on cards to move your pieces.",open_discussion,https://www.reddit.com/r/boardgames/comments/1hmp02h/whats_that_one_board_game_that_you_never_lose_at/
"Board Game Related “Um, Actually” Day 1 of 5 From “Uno” to “The Campaign for North Africa: The Desert War 1940-43” board gamers love a lot of things but there is one thing they love above all else… and that is correcting people. Hi everyone! I recently hosted a day-long board game competition for my friends and as you would imagine I expected there to be a bunch of downtime. To give people something to do between rounds I created a trivia activity for people to do in the style of “Um, Actually”. Everyone seemed to enjoy it, so I thought I could share it with everyone here. I may have went a bit overboard with the number of questions, so I’m going to break them down into five posts of about five questions each. I’ll come back the day after and edit in the answers with spoiler tags. I also realize that some of these may be a little long, but that is mostly because they’re being read, not spoken, so I think extra length was needed to have a challenging activity. I also intentionally had questions that had a variety of difficulty and subject matter, so I hope you enjoy all of them. If you would like to participate, please also use spoiler tags, which you can create by using this formatting (removing the space) >! Spoiler!<. >!This is a test to see if I can do the spoiler tags correctly!< So, here are five *incorrect* statements about board games. It is your task is to identify which part is incorrect and then provide the correct information. Simply identifying which part is incorrect gives you partial credit, actually correcting the portion that is incorrect gives you full credit. At my event I asked everyone to not look anything up on the internet, but I’m not a cop, you do what you want. The statements that have letters each have *TWO* things incorrect with it, for extra points! * 1) Scythe is board game designed by Jamey Stegmaier and published by Stonemaier Games. Based off of artwork created by Polish artist Jakub Różalski the game takes place in an alternate history version of post-World War II Europe. In this alternate history nations have access to large war mechs that have been repurposed for agricultural and industrial use. * 2) Spirit Island is a cooperative game for 1-4 players where each player is a Spirit of Nature, defending their island from invading colonists who have little regard for the well-being of the land or its native inhabitants, the Dahan. Spirit Island has received praise for several of its aspects including subverting a traditional narrative by allowing players to play as Spirits of nature attempting to defeat colonizers, instead of playing as the colonizers, and the asymmetrical nature of the Spirits of nature. Each spirit has a unique player board called a “Spirit Panel” and a set of unique power cards. Players can upgrade their spirits a variety of ways throughout the game such as unlocking additional abilities on their spirit panels and by adding cards from their spirit’s unique upgrade deck to their gameplay deck. Players will have to be weary of the colonists in the game. They enter the board through exploration venturing forth from towns and cities or approaching from the ocean. Explorers will eventually add towns and cities to the map that can cause problems for the spirits of nature. The spirits of nature win by either eliminating all of the invaders from the board, increasing the terror level high enough or a combination of the two. * 3) 7 Wonders is a card drafting game released in 2010. One of the first card drafting games released, 7 Wonders breaks the symmetry of card drafting games by allowing players to represent one of the 7 Wonders of the Ancient world. The wonders that a player may play as are either, The Colossus of Rhodes, The Great Wall of China, The Hanging Gardens of Babylon, The Lighthouse of Alexandria, The Mausoleum of Halicarnassus, The Pyramid of Giza or The Temple of Artemis. Later expansions and promotional materials for the game allowed players to play other amazing, but technically non-wonder, landmarks. A comprehensive list of such is; The Cathedral of Divine Wisdom (also called Hagia Sophia) in Byzantium, The Coliseum of Rome, The Cothon of Carthage, The Great Temple at Abu Simbel, The Isle of Catan, The Statue Manneken Pis in Brussels, Stonehenge, The Temple of Apollo in Syracuse, The Treasury at Petras and The Ziggurat of Ur. * 4) The Dice Tower, started in 2015, is a family friendly network of diverse individuals creating video and audio podcasts that promote board and card games. Using video reviews, podcasts, and more, the Dice Tower’s creator Tom Vasel is joined by a host of gaming enthusiasts whose goal is not just to promote the hobby, but the people who are involved with it. As of 2021, he has rated over 7000 games and expansions; the first of which was for The Settlers of Canaan. Vasel was also the designer of the board game Vicious Fishes and co-designer for the boardgame Nothing Personal. This question has **TWO** things incorrect about it! * A) Monopoly is the classic board game published by Parker Brothers originally and subsequently Hasbro since 1935. Originally designed by Lizzie Magie in 1903 as “The Landlords Game,” Monopoly has since captured the hearts and minds of gamers around the world. While most spaces in Monopoly are properties that players can buy and develop, some spaces have unique effects when a player lands on them. • Community Chest and Chance cards direct the player to draw a card from their respective decks which will have a benefit or penalty associated with them. • If a player lands on Income Tax, they have to pay 10% of their total worth which is calculated by adding their cash on hand, the printed prices of all mortgaged and unmortgaged properties, and the price of all buildings they own. Alternatively, players can pay a flat amount of $200. • If a player lands on the space marked “Go to Jail,” they must move their pawn directly to the inner section of the “Jail” space (famously not passing Go, nor collecting the money for doing so.) • If a player lands on the Jail space during the course of their normal movement, they should place their pawn in the outer “Just Visiting” section. On that turn they don’t take any further actions. However, if a player is “sent” to jail, they place their pawn on the inner section marked “Jail”. A comprehensive list of the ways to be sent to jail are: o Their pawn lands on the space marked “Go to Jail.” o They draw a card marked “Go to jail” from either the Chance or Community Chest decks o They roll doubles three times in succession. If a player is in jail they must spend their subsequent turns attempting to get out of jail (which until they do, they may not buy nor sell property, buy nor sell neither houses nor hotels nor collect rents from other players). A comprehensive list of the ways to leave jail is: o Rolling doubles on either of their next two turns; after which they move forward a number spaces equal to the amount shown. o Using a “Get Out of Jail Free” cards found in either the Chance or Community Chest decks. o Paying a fine of $50 before they roll on either of their next two turns. o If a player does not leave jail by their third turn they are forced to pay the $50 fine and take a standard turn. • Free Parking: A player that lands on this space gets to collect the money that has been stored under/near it. A comprehensive list of the ways that money can be put under Free Parking is; o Money paid from Chance cards. o Money paid from Community Chest cards. o Money paid due to Income Tax. o Money paid due to Luxury Tax. o Money paid to leave jail. • Luxury Tax: Also known as the “Super Tax” in British versions, a player landing on Luxury Tax must pay a flat amount. This amount was originally $75 but was increased to $100 in 2008. • Go: If a player’s pawn lands on or passed over Go that player collects a $200 “salary”. Players continue to take turns collecting rent and paying rent until all but one player loses all of their money and is declared “Bankrupt”. Of course players may concede the game at any time and it is suspected that more games of Monopoly have ended due to players conceding then players going bankrupt.",open_discussion,https://www.reddit.com/r/boardgames/comments/1hmohnd/board_game_related_um_actually_day_1_of_5/
"Rules that elevate games to a new level What are some rules you feel help bring a game up to the next level? These are the two that come to mind for me: Uprising the card game - After you defeat an enemy, you must play first against the next enemy. This forces you to be smart and strategic about how you play. Quarto - You must give your opponent the piece they will play. This adds a level of danger because you can easily seal your own demise!",open_discussion,https://www.reddit.com/r/boardgames/comments/1hmoe2w/rules_that_elevate_games_to_a_new_level/
"First successful gaming with the extended family over Christmas We were 4-5 players, sister (45), her 3 sons (17,14, 8) and me, 46m. These kids are usually glued to their phones from the moment they get to the grandparents, sit ont hem until its time to eat, then back tot hem, there is barely any interaction and it annoys me to no end, so last year i bough Cluedo in the hopes of spending some quality time with them. (btw, for me its simply a matter of my sister telling them ""no phones over Christmas at grandmas and grandpas, but that seems to be a no go ""they get so angry"" but thats a whole different matter... I have no kids on my own and I know its easier raising other peoples kids, so Ill just have to accept it ) There of course is constant fighting, teasing and generally chaos between the brothers so i had to mediate that too, especially between he two youngest. anyway, we never got around to it last year but this year i made sure to get it going. I employed the eldest to help me ""figure out"" the rules, the two others listened and the 8 year old came with some suggestions. We had a great first dry run, the youngest won bc we all accused erroneously, so that was a great confidence boost for him, and made him want to play more. That sessions lasted about an hour, with breaks in-between for food. I knew day two was going to be a bit more challenging so i had to sweetened the deal by offering up 10 bucks to the winner. everyone took the game very seriously from then on. It sucks that i have to bribe them they weren't brought up with board games or play with their mates at all, so i had to do what i had to do! My sister has tried of course but its no fun playing with mom. The eldest won that one quite fast, so unfortunately the gaming session was cut short. I think it was only 15 min tbh, Next year I was thinking of getting Hero Quest, that was a game me and my friends played a lot when we were 15. It relies less on brain power and more on the roll of the die so the strategy element is taken away, which might bore the eldest, who is very intelligent, but might be appreciated by the youngest. Are there any other games you guys recommend? Me personally, I haven't played games for 30 or so years, but i love the art, have been a huge fan of the Cthulhu mythos for years, I love al of that kind of stuff, Ill always go in to the games stores and look at the box art and imagine playing with my mates but alas, most everyone ahs kdis and families now so no chance. I was actually thinking of joining a playing group.",open_discussion,https://www.reddit.com/r/boardgames/comments/1hmo4h5/first_successful_gaming_with_the_extended_family/
"Third time's the charm [Lord of the Rings LCG] [First turn of the first quest, **Passage Through Mirkwood**.](https://i.imgur.com/JAxAVDc.jpeg) I tried playing the Dark Souls video game twice over the course of two years before I developed enough patience to accept the game mechanics for what they are, rather than trying to force the game into a box of my own making. Now, it's tough to play anything else because the theme, challenge, and level of satisfaction is hard to beat. I think **Lord of the Rings LCG** is the Dark Souls of board games, at least for me. I've owned it twice. Culled it twice. The game is hard as nails at times. But I keep coming back because I adore the theme and can't help but want to figure this game out. I recently picked up the revised core, all four starter decks, and both Hobbit boxes. I'm committed to sticking with it, even if that just means net-decking each quest to ensure I have a shot. By the way, I'm using Colin's two dual-sphere decks from ""Meet Me at the Table"" and I'm really enjoying using the best cards from each sphere. This is also my first attempt at the campaign, which I heard tempers the difficulty a bit. My first play was successful last night, and today I'll tackle the second quest!",open_discussion,https://www.reddit.com/r/boardgames/comments/1hmnnqk/third_times_the_charm_lord_of_the_rings_lcg/
"Small, quality-of-life improvements for game developers to think about… Ideas..? I’m currently sat punching approximately 3,000 Quacks of Quedlinburg tokens from 8 chit-boards - and had a momentary panicked thought: ‘what if I’m missing a board…?’ I’ve counted every single token to confirm I’m not, but it’d be so much easier if developers printed a little ‘board 1 of 8’ in the corner somewhere… Given the amount of printing already going on, I refuse to believe four extra words would be that big a deal… Any other quality-of-life improvements anyone can think of..?",open_discussion,https://www.reddit.com/r/boardgames/comments/1hmlnyd/small_qualityoflife_improvements_for_game/
"What if Yu-Gi-Oh card games could be played on holographic arenas. Revolutionary or just a gimmick? I've always been fascinated by the idea of playing yugioh just like in the anime, with holographic projections bringing cards to life. It’s an exciting thought that could have interesting implications for the Yu-Gi-Oh! and tabletop community. If we ever developed this technology, I could see holographic arenas becoming a feature at tabletop game stores. Imagine walking into a shop and seeing lifelike monsters battling it out—it would definitely be a spectacle. Such arenas could even be adapted for other tabletop games, like Magic: The Gathering, expanding their appeal. That said, it raises some important questions. Would the holographic display actually be relevant to gameplay, or would it be purely aesthetic? The holographic arena would essentially be duplicating what’s already happening with the cards which, could potentially be being displayed on smaller screens at the same time, like on the podiums in front of the players. If not, then either the duelist platforms or arena will need to be low or high enough so the players can see over their creatures. Regardless, while it would be visually stunning, it might ultimately feel like a novelty. Players might enjoy the experience at first but eventually go back to the traditional way of playing. However, A holographic arena could make the game far more engaging for spectators. It might even attract people who don’t typically play, creating opportunities to host exciting events, like the final rounds of a major tournament. The visual appeal could turn every duel into a thrilling show. Of course, there are practical challenges. Holographic setups could require significant space and money, depending on the size of the arena. Tabletop stores would need to adapt, or perhaps events could be hosted at local stadiums. For now, let’s set aside those logistical concerns and treat this as a fun thought experiment. What do you think? Would you want to play Yu-Gi-Oh! like this, or do you think the traditional way is better?",open_discussion,https://www.reddit.com/r/boardgames/comments/1hmbrq2/what_if_yugioh_card_games_could_be_played_on/
"Would you use an AI app for creating board games? I’m a software engineer and a weekend board game player. I have recently tried some apps like lovable that make making websites super easy and fun. I was wondering if something similar makes sense for board gaming Imagine a tool where you could create a basic board game with a prompt & then edit code that is logic or frontend. Also we can build some analytics and give you bots to play with for a play testing and you could share with friends. So I’m curious 1. Would you use a digital native way to design & test games? 2. Will your friends be happy playing the digital version of the game? 3. What do you think of digital board gaming? 4. Do you like to code? 5. Would you pay for such an app? If so, how much? The LLM magic will be to get something functional and decent looking instantly. The further chat + coding (mostly typescript & some python maybe) would be to fully get control of the game. The system would come with some free assets - sounds, sprites and images but you’d be able to upload on your own.",open_discussion,https://www.reddit.com/r/boardgames/comments/1hmbevx/would_you_use_an_ai_app_for_creating_board_games/
"What is your Mount Rushmore of family oriented, educational board game designers? Share your thoughts here! Which designers deserve a spot on the Mountain? Explain why they do – or don’t – fit the criteria.",open_discussion,https://www.reddit.com/r/boardgames/comments/1hm9wkl/what_is_your_mount_rushmore_of_family_oriented/
"People who talk through their entire thought process I play board games usually once a week and thankfully I don’t often encounter people like this but when I do it annoys me a little (not enough to say anything) and was wondering what people thoughts were You are playing a game and someone feels the need to talk through EVERYTHING. I get if it’s your turn some people like to talk through each move they make and what that activates etc so it helps other people understand what is being done and why (in my core group we have an unspoken trust with games were are familiar with so we don’t need to do this) But then you have people who have to talk through their entire thought process. Every card they could play, every decision, every thought about how it effects other people (even if it’s a hidden cards game where they do matter) And the constant ‘umm, ahh, I don’t know, which way do I wanna do this?’ And it’s not like they are having a conversation with someone with it Like I said it’s not something that I think is inherently wrong and I can understand that it helps some people to vocalise things and process them better but it just irks me sometimes especially if I am trying to think about my next turn",open_discussion,https://www.reddit.com/r/boardgames/comments/1hm9hxq/people_who_talk_through_their_entire_thought/
"Hat games that looked gorgeous turned out to be uninteresting to play? My top three this year were Starship Interstellar, Men-Nefer and Monumental, all for different reasons.",open_discussion,https://www.reddit.com/r/boardgames/comments/1hm7dxv/hat_games_that_looked_gorgeous_turned_out_to_be/
"What are your favorite games from your childhood you still enjoy today I'm an 80s kid, so that was pretty much the golden age for toy lines and toy stores and game franchises that are still around today My top 5 from then that I still play today * Axis and Allies * Battletech * HeroQuest * West End Games Star Wars RPG * Dungeons and Dragons",open_discussion,https://www.reddit.com/r/boardgames/comments/1hm51e4/what_are_your_favorite_games_from_your_childhood/
"Cthulhu: Death May Die - fun dynamic Cthulhu smashing Really good crawler, despite very cliched theme. Although here you do not play investigators trying to prevent Ancient One from awakening before going mad; here you play a bunch of weirdos, who want to awaken Ancient One by ritual and kill it (!), and get stronger from madness (only until a certain point though, so you still have to be careful). \+Simple rules, simple setup, fast sessions \+ Very dynamic gameplay: characters quickly kill monsters, but also quickly gain madness and approach death, i.e., loss \+ Various scenarios with special conditions \+Tense sessions: victory is often snatched from jaws of defeat and vice versa \- Monsters are pretty boring: they have few special abilities, die quickly, and rarely move, only when myth cards triggers them. In general they are static dummies; the biggest threat to characters is not even monsters, but their own attacks :D (die faces with tentacles hurt sanity). And awakened Ancient One, of course: nasty effects at the end of every turn it, as well as when track of AO progresses \- There is a lot of dice chucking and dice rerolling, which gameplay mostly consists of. \- Too small spaces on the board, it is hard to fit many minis there. Overall a great alternative to games like Zombicide: more dynamic, faster and a little more thinky. Cthulhu can't be called a deep game by any mean, but it's not supposed to be. Probably perfect dungeon crawler for newbies.",open_discussion,https://www.reddit.com/r/boardgames/comments/1hm4035/cthulhu_death_may_die_fun_dynamic_cthulhu_smashing/
"Waiting paid off: Playing Descent 2nd Ed with my kids?! Hey everyone! Bought Descent 2nd Ed. 5 years ago, with some expansions (Nerekhall, Ruin, and Wyrm). All second-hand, because they were hard to find at the time, and I was banking on a long-term bet. Well, the bet seems to have paid off. Kids have grown, are a bit older now, and want to play. Seems like I get to be the Dungeon Master or whatever the game’s equivalent of “he who controls the bad guys” is. Which is fine by me. We have a five day window where we can really lay into this game if we find it fun. What’s the best way we can try it out? Just the base game? Base game + some expansions? Any rules variants or official updates I should be aware of that tune up the game? Thanks!",open_discussion,https://www.reddit.com/r/boardgames/comments/1hm2vlh/waiting_paid_off_playing_descent_2nd_ed_with_my/
"One-Player Wednesday - (December 25, 2024) What are your favourites when you're playing solo? Are there any unofficial solo-variants that you really enjoyed? What are you looking forward to play solo? Here's the place for everything related to solo games! And if you want even more solo-related content, don't forget to visit the [1 Player Guild](https://boardgamegeek.com/guild/1303) on BGG",open_discussion,https://www.reddit.com/r/boardgames/comments/1hluymc/oneplayer_wednesday_december_25_2024/
"What game, that was new to you in 2024, had the most plays? I’ve done this the past two years, and it’s always so fun to see the different games that come up. For me, it would have to be Sea Salt & Paper. It’s just so quick, and it has a good adaptation on BGA.",open_discussion,https://www.reddit.com/r/boardgames/comments/1hlu9tu/what_game_that_was_new_to_you_in_2024_had_the/
"Boardgames Advent 2024 In what is becoming a tradition, I did boardgames advent again this year. The ""rules"" are pretty flexible, simply try to play a game each day of advent. Can be the same game as previous or different. Looking at the list, it's mainly small games, which represents just life being busy. I look forward to boardgames advent each year and it never disappoints. I hope you have a Merry Christmas, and a Happy New Year! 1st: MicroMacro 2nd: Horizons of Spirit Island 3rd: Cartaventura: Hollywood 4th: Stone Age 5th: Targi 6th: MTG 7th: Scrawl 8th: One Night Ultimate Werewolf 9th: Pax Pamir 2nd ed 10th: Quest for El Dorado 11th: MESBG 12th: Hive 13th: Small World 14th: Dead of Winter 15th: Fungi 16th: Star Realms 17th: Top Trumps 18th: Warhammer 40k 19th: Hive 20th: MicroMacro 21st: The Mind 22nd: Innovation 23rd: Itchy Feet 24th: Hive",open_discussion,https://www.reddit.com/r/boardgames/comments/1hlod9w/boardgames_advent_2024/
"2024 Stats from Bangladesh [The year when I realized the Castles of Burgundy is one of the best 2p games! Also, was able to play my top game Arkwright 5 times. CoB, Middle Ages and Splendor Duel were played on BGA!](https://preview.redd.it/re7rzaxh7t8e1.jpg?width=914&format=pjpg&auto=webp&s=853fb4cfe156af472cef84bb5d35bedc0a441b81)",open_discussion,https://www.reddit.com/r/boardgames/comments/1hlf6g4/2024_stats_from_bangladesh/
"Why hasn't there been a successful, NFL-branded board game? My cursory search on the internet has revealed very little about an adult-targeted boardgame for bros and Dads that want to live out fantasy football on the tabletop. I understand the response of ""they wouldn't want that"", but I just feel like a well managed marketing campaign could prove to be extremely successful. Especially given that modern boardgame legacy and campaign mechanics could lend themselves well to the theme. I think non-boardgame playing football fans don't know what they're missing out on. The way they overanalyse the game they love could ALSO lend itself well to this hobby.",open_discussion,https://www.reddit.com/r/boardgames/comments/1hlave0/why_hasnt_there_been_a_successful_nflbranded/
"Arcadia Game Tables ""Minerva"" Review I just got a Minerva game table from Arcadia Game Tables (https://arcadiagametables.com/), a new UK-based company – there seemed to be quite a lot of interest in this subreddit when I mentioned it in another post, so I thought I’d post a quick review of my new table. Overall, I’m delighted with it. I have big wargames ™ and I was hard-pressed to find a table that would be big enough to handle a 4-mapper OCS game such as The Third Winter (44"" x 66"", or 112cm x168cm) - without breaking the bank. [The Table - with a 22\\""x34\\"" wargame map, and some gamegenic dungeons for scale.](https://preview.redd.it/t2airi52mr8e1.jpg?width=3024&format=pjpg&auto=webp&s=ccddd177197cb8f83439dfb1f13d78e6b104f07a) [Excuse the messy Kallax....](https://preview.redd.it/x3rpmgjemr8e1.jpg?width=4032&format=pjpg&auto=webp&s=986fc399ee96e6cf40050285541c7c4a4d386cda) **Ordering, Customer Service, Lead times, and Delivery** I was lucky enough to run into Arcadia at Handycon 2024. I was immediately impressed by their Minerva table – it looked sturdy and well built, and had the expected features (card rails, table toppers to allow for conversion into a dining table). After looking Arcadia Game Tables up, it seems like this is a passion project of a professional woodworker who normally does things for corporate clients, and this background shows in how professional his communication is. I made an enquiry, and I received a response within a day. I was even sent wood colour samples to make sure that the table stain I was choosing fit with my floor, and had several back-and-forth emails with extremely quick response times where we discussed the best fit. I found the website excellent and easy to navigate. I particularly liked the transparency about how much play-space you get in the vault *and* the overall size of the table, which is something I found more difficult to find on other websites. I placed an order in mid-November and I received the table five weeks later. This is an exceptional turnaround time, compared to other companies like Geeknson or Rathskellers who have months of waiting lists. The table was hand-delivered by the owner, and I paid extra for the assembly service, but it seems possible to do it yourself. One thing to note is I do not believe they deliver outside the UK. **Table Features** I ordered a slightly unconventional layout – a larger 210x140cm table. The table itself has a slightly less conventional design – it doesn’t have the square, blocky legs of a “classic” gaming table and instead has tapered edges and legs that taper to a point. There is a recessed gaming area (mine was 112x182cm) with card rails that can hold playing cards. It also features a modular attachment system similar to those made by other companies. Arcadia do, however, offer a large variety in sizes -anywhere from 110cm x90 cm( with a 82cmx62cm playspace) to 240x140cm (212x112cm playspace), and this customisability is a big plus. The table itself is built out of Baltic Plywood according to the website; I don’t know much about wood, but it feels strong and study enough to me. It comes with options for either a felt or a neoprene playing surface, and I went for the felt myself. I did note that the play surface underneath the felt cloth layer itself is made from a 1cm thick layer of MDF, but the legs, body and leaves are made of solid plywood. [The Tapered edge and the leaf storage](https://preview.redd.it/t8ma7dcgmr8e1.jpg?width=3024&format=pjpg&auto=webp&s=0b4a93a3b866715556889a63c61b35c41a271809) The tabletopper leaves are nice and solid and lie stack nicely in a frame underneath the table, which is a huge plus, as it means you don’t need to have a separate box for storing them. The table has a lift “button” in the same way that Geeknson/Rathskellers tables do to allow you to easily lift the leaves off the table. The individual leaves also have a rubber coating that acts both to stop spills and to soften the direct contact between individual leaves. A quick spill test (done with half a mug of water) was very reassuring – there were a few tiny drops that did seep through onto the felt layer (, but the rubber pads on the leaves worked very well in protecting anything underneath. [Card Rail](https://preview.redd.it/s5zjmz29mr8e1.jpg?width=4032&format=pjpg&auto=webp&s=d786c587e37a74d1e65a92618b47400010f40df6) There are only three accessories available at the moment – a mug holder, a wine-glass holder, and a modular organizer. Arcadia, however, have said that they are looking at making more accessories, and are also designing a second table design which would allow for LED lighting. There are also no current matching chairs, though the owner says he will be looking at introducing these in the future. As they are just getting established, Arcadia also currently do not offer matching furniture, but have said they are planning to in the future [Organiser Accessory. Yes I know this is a completely nonsensical setup.](https://preview.redd.it/fpox7ocamr8e1.jpg?width=4032&format=pjpg&auto=webp&s=59463899af14480797eafee940494e12fb655406) **Price** One of the biggest selling points is the price. As stated, I had an abnormally large 210x140cm table, and was the biggest one they’ve done so far. At £2,200, shipped, before discounts and accessories, this was substantially cheaper than other UK table manufacturers such as Geeknson. Arcadia do offer a wide range of table sizes; a much smaller, more sanely-szied table can be had for much less – a 1.5mx1m table would be about £1,300 before accessories. This quoted price includes the toppers and storage system, which other companies make you pay extra for (By comparison, the gamefound price for an equivalent Geeknson table is £1,250 *before* table toppers, though admittedly does come with a few accessories already included) **Summary** Arcadia game tables are certainly worth looking at; they offer an excellent price, with a very quick turnaround time, for an excellent product with the key features of more established companies, including spill-resistant table leaves, rails for mug holder attachments, and a card rail. They are great at communicating and are very keenly responsive to my emails. The owner tells me he is showing it off at UK Games Expo this year, so if you want to have a look yourself, I’d recommend paying their booth a visit! I think one limitation as far as I’m aware is that they only ship to the UK at the moment. **Pros** \- Well-built, fully-featured gaming table with a recessed gaming space, tabletop leaves, an accessory rail system. \- Very Reasonably priced game table – cheapest in the market \- Quicker turnaround times than other companies: from placing the order to delivery was about 5 weeks. \- No Hidden Extras: The Toppers and basket to hold them are included in the quoted price. \- Customisability of width/length of the table, with Transparent Table sizes: It’s very clear how much playing space you’ll get *and* how much space you’ll get in your room. \- Made locally in the UK and by buying this, you are supporting local/small businesses \- Unique design aesthetic - less square/blocky. \- Excellent Communication and Customer Service \- Assembly Options. Cons \- No matching Chairs (Ikea ones suggested… but they’ll be branching out into this) \- Currently limited range of accessories – but plans to make more. \- No LED/USB charger integration, but plans to make new ones with Excalibur range. \- No shipping outside the UK yet **Disclaimer:** I was not paid for this review and am not affiliated with the business in my way. I bought this table using my own money, with a 10% discount off the full price of my table, by using a (now-expired) discount code available to all attendees at Handycon. I am just someone who is delighted with his table and who is to see a small local business do well.",open_discussion,https://www.reddit.com/r/boardgames/comments/1hla49h/arcadia_game_tables_minerva_review/
"Open-Source version of Terraforming Mars This might be well-known here, but I recently was introduced to an open-source version of Terraforming Mars! It has a couple of solo modes (in one, you try to fully terraform Mars in 12 generations on your own; in the other you try to hit a TR level in 12 turns) but it looks like the main thrust is to have multiple human players. A friend of mine is running a server, and I have recently joined in. I've played a number of solo games, and I'm looking forward to playing against people again. [https://github.com/terraforming-mars/terraforming-mars#README](https://github.com/terraforming-mars/terraforming-mars#README) Since this is open source, you can download it, run your own server, and modify it if you choose.",open_discussion,https://www.reddit.com/r/boardgames/comments/1hl9hke/opensource_version_of_terraforming_mars/
